100907,9866,      Kristall Nano-Tech Liquid Screen Protector - Smartphones (Item no: KRISTALL LSP-SP),21521,Buncho Fine Tech 0.4mm Gel Pen-Black,0.384615385
38544,6303,    Fuji Xerox DocuPrint P215b - A4 Single-function USB Mono Laser,4840,Fuji Xerox DocuPrint P355db - A4 Single-function USB Mono Laser Printer (Item No: XEXP355DB),0.718309859
34260,1390,   Fuji Xerox DocuPrint CM205f — A4 4-in1 Network Color Laser,4521,Fuji Xerox DocuPrint CM305df - A4 4-in-1 Duplex Network Color Laser (Item No: XEXCM305DF),0.702380952
37590,1389,   Fuji Xerox DocuPrint CP105b — A4 Single-function USB Color Laser,4840,Fuji Xerox DocuPrint P355db - A4 Single-function USB Mono Laser Printer (Item No: XEXP355DB),0.675
29608,6027,   Fuji Xerox DocuPrint M215b — A4 3-in-1 USB Mono Laser,4840,Fuji Xerox DocuPrint P355db - A4 Single-function USB Mono Laser Printer (Item No: XEXP355DB),0.558823529
34767,1375,   Fuji Xerox DocuPrint P205b - A4 Single-function USB Mono Laser,4840,Fuji Xerox DocuPrint P355db - A4 Single-function USB Mono Laser Printer (Item No: XEXP355DB),0.718309859
29297,6303,   Fuji Xerox DocuPrint P215b — A4 Single-function USB Mono Laser,4840,Fuji Xerox DocuPrint P355db - A4 Single-function USB Mono Laser Printer (Item No: XEXP355DB),0.725274725
35507,1584,"   HP Officejet Pro 8600 - N911a - A4 4in1 InkJet | Wireless - AirPrint, ePrint | Duplex Print",2365,"HP Officejet Pro X476dw - A4 4in1 InkJet | Wireless - AirPrint, ePrint | Duplex Print, Duplex Scan CN461A EOL-6/1/2017",0.793814433
29090,1584,"   HP Officejet Pro 8600 - N911a — A4 4in1 InkJet | Wireless - AirPrint, ePrint | Duplex Print",2365,"HP Officejet Pro X476dw - A4 4in1 InkJet | Wireless - AirPrint, ePrint | Duplex Print, Duplex Scan CN461A EOL-6/1/2017",0.786324786
33672,2496,   Kristall Nano-Tech Liquid Screen Protector for iPhone - Samsung Galaxy - Smartphones,19512,ORICO DCP-5U 5 port multi USB charger for iPad/Samsung TAB/iPhone/Android devices 7.2A (Item No: D15-53),0.413793103
34940,2972,   Logitech Touch Mouse T620 - Full Touch Surface for Windows 8 - Graphite,20870,Asus ROG G752V-MGC043T GRAY/17.3/I7-6700U/8G/1TB+128G/6VG/W10/BAG/MOUSE/HEADSET  EOL-5/1/2017,0.285714286
33732,2969,   Logitech Wireless Mouse M525 (Red),19298,Logitech M171 Wireless Mouse-Red,0.545454545
41073,8810,   Microsoft Wireless Mobile Mouse 6000 - Pink Berry,2974,Microsoft Wireless Mobile Mouse 1850 - Magenta Pink (Item No: MSU7Z-00066),0.543478261
30951,6752,   Sharpie Fine Point Permanent Marker — Black (SET OF 10),21476,Artline 5109A Whiteboard Big Nib Marker 10mm - Black,0.655737705
36864,3005,  Brother MFC-J2510 InkBenefit - A3 4in1 InkJet Wireless Duplex - Scan A4 Only - With ADF,2434,Brother MFC-J2310 InkBenefit - A3 4in1 InkJet Wireless Duplex - Scan A4 Only - No ADF (EOL-12/7/2016),0.817391304
24591,5957,  Faber Castell 1422 CLICK BALL™ Pen — 0.7mm (SET OF 3),3530,Faber Castell 1423 Ball Pen - Fine 0.7mm Black (Item No: A02-05 1423/7BK) A1R1B147 ,0.666666667
25139,6075,"  Faber Castell 1422 CLICK BALL™ Pen — Fine, 0.7mm - BLACK (SET OF 10)",3530,Faber Castell 1423 Ball Pen - Fine 0.7mm Black (Item No: A02-05 1423/7BK) A1R1B147 ,0.591666667
25139,6076,"  Faber Castell 1422 CLICK BALL™ Pen — Fine, 0.7mm - BLUE (SET OF 10)",3529,Faber Castell 1423 Ball Pen - Fine 0.7mm Blue (Item No: A02-05 1423/7BL) A1R1B148,0.591666667
26697,6077,"  Faber Castell 1422 CLICK BALL™ Pen — Fine, 0.7mm - RED (SET OF 10)",3495,Faber Castell 1423 Ball Pen - Fine 0.7mm Red (Item No: A02-05 1423/7RD) A1R1B149,0.591666667
25506,6063,"  Faber Castell 1425 SUPER CLICK™ Pen — Super Fine, 0.5mm, BLACK (SET OF 10)",2450,Faber Castell 1423 Ball Pen - Super Fine 0.5mm Black (Item No: A02-04 1423/5BK) A1R1B13,0.553571429
25252,6064,"  Faber Castell 1425 SUPER CLICK™ Pen — Super Fine, 0.5mm, BLUE (SET OF 10)",2451,Faber Castell 1423 Ball Pen - Super Fine 0.5mm Blue (Item No: A02-04 1423/5BL) A1R1B14,0.553571429
30467,6027,  Fuji Xerox DocuPrint M215b — A4 3-in-1 USB Mono Laser,4840,Fuji Xerox DocuPrint P355db - A4 Single-function USB Mono Laser Printer (Item No: XEXP355DB),0.558823529
29910,6303,  Fuji Xerox DocuPrint P215b — A4 Single-function USB Mono Laser,4840,Fuji Xerox DocuPrint P355db - A4 Single-function USB Mono Laser Printer (Item No: XEXP355DB),0.725274725
40290,7423,  HP Color LaserJet Pro MFP M476dw (CF387A) - A4 4in1 Duplex Network Color Laser,4854,HP LaserJet Pro MFP M225dn Printer (CF484A) — A4 4-in-1 Duplex Network Mono Laser EOL 29/11/2016,0.696629213
40014,5882,  HP Deskjet Ink Advantage 4515 e-All-in-One Printer (A9J41B) — A4 3-in-1 Wireless Inkjet Printer,2380,HP Deskjet Ink Advantage 2545 All-in-One Printer (A9U23B) - A4 3-in-1 Wireless Inkjet (while stock last),0.616352201
39787,7303,  HP Deskjet Ink Advantage 4645 e-All-in-One Printer (B4L10B) - A4 4in1 Wireless Inkjet,2330,HP Deskjet Ink Advantage 3545 HPA9T81B-A4 e-All-in-One Wireless Inkjet Printer,0.541984733
47827,1924,  HP LaserJet Pro 200 Color Printer M251n (CF146A) - A4 Single-function Network Color Laser,731,HP LaserJet Pro 200 Color MFP M276n (CF144A) - A4 4-in-1 Network Color Laser Printer,0.5
49570,1924,  HP LaserJet Pro 200 Color Printer M251n (CF146A) - A4 Single-function Network Color Laser ,731,HP LaserJet Pro 200 Color MFP M276n (CF144A) - A4 4-in-1 Network Color Laser Printer,0.5
29758,1924,  HP LaserJet Pro 200 Color Printer M251n (CF146A) — A4 Single-function Network Color Laser,731,HP LaserJet Pro 200 Color MFP M276n (CF144A) - A4 4-in-1 Network Color Laser Printer,0.541666667
28972,1584,"  HP Officejet Pro 8600 - N911a — A4 4in1 InkJet | Wireless - AirPrint, ePrint | Duplex Print",2365,"HP Officejet Pro X476dw - A4 4in1 InkJet | Wireless - AirPrint, ePrint | Duplex Print, Duplex Scan CN461A EOL-6/1/2017",0.786324786
29062,1585,"  HP Officejet Pro 8600 Plus - N911g — A4 4in1 InkJet | Wireless - AirPrint, ePrint | Duplex Print, Duplex Scan",2365,"HP Officejet Pro X476dw - A4 4in1 InkJet | Wireless - AirPrint, ePrint | Duplex Print, Duplex Scan CN461A EOL-6/1/2017",0.666666667
48204,1386, Fuji Xerox DocuPrint CM215b - A4 3-in-1 USB Color Laser,2730,Fuji Xerox DocuPrint M225dw 3in1 Mono Laser Printer (Item No: XEXM225DW),0.591549296
28284,1386, Fuji Xerox DocuPrint CM215b — A4 3-in-1 USB Color Laser,4840,Fuji Xerox DocuPrint P355db - A4 Single-function USB Mono Laser Printer (Item No: XEXP355DB),0.494505495
28357,1389, Fuji Xerox DocuPrint CP105b — A4 Single-function USB Color Laser,4840,Fuji Xerox DocuPrint P355db - A4 Single-function USB Mono Laser Printer (Item No: XEXP355DB),0.675
34206,1385, Fuji Xerox DocuPrint CP215w — A4 Single-function Wireless Color Laser,2737,Fuji Xerox DocuPrint C2200 A4 Single-function Network Color Laser Printer (Item no: XEXC2200),0.712328767
28535,1378, Fuji Xerox DocuPrint M205f — A4 4-in-1 Network Mono Laser,4529,Fuji Xerox DocuPrint M355df - A4 4-in-1 Duplex Network Mono Laser,0.736842105
28946,6027, Fuji Xerox DocuPrint M215b — A4 3-in-1 USB Mono Laser,4840,Fuji Xerox DocuPrint P355db - A4 Single-function USB Mono Laser Printer (Item No: XEXP355DB),0.558823529
28335,1377, Fuji Xerox DocuPrint M215fw — A4 4-in-1 Wireless Mono Laser,4748,Fuji Xerox DocuPrint CM215fw - A4 4-in-1 Wireless Color Laser,0.768421053
30099,2186, Fuji Xerox DocuPrint M255z — A4 4-in-1 Wireless Mono Laser,4529,Fuji Xerox DocuPrint M355df - A4 4-in-1 Duplex Network Mono Laser,0.726315789
29881,1375, Fuji Xerox DocuPrint P205b — A4 Single-function USB Mono Laser,4840,Fuji Xerox DocuPrint P355db - A4 Single-function USB Mono Laser Printer (Item No: XEXP355DB),0.725274725
42605,6303, Fuji Xerox DocuPrint P215b - A4 Single-function USB Mono Laser,4840,Fuji Xerox DocuPrint P355db - A4 Single-function USB Mono Laser Printer (Item No: XEXP355DB),0.718309859
22640,1936, HP Deskjet Ink Advantage 2515 (CZ280B) — A4 3-in-1 Print/Scan/Copy USB Color Inkjet Printer *** BUY 1 FREE 1 REUSABLE SHOPPING BAG,2380,HP Deskjet Ink Advantage 2545 All-in-One Printer (A9U23B) - A4 3-in-1 Wireless Inkjet (while stock last),0.470198675
23784,1936, HP Deskjet Ink Advantage 2515 (CZ280B) — A4 3-in-1 USB Inkjet Printer *** BUY 1 FREE 1 BAG,2380,HP Deskjet Ink Advantage 2545 All-in-One Printer (A9U23B) - A4 3-in-1 Wireless Inkjet (while stock last),0.537878788
9355,1936, HP Deskjet Ink Advantage 2515 All-in-One Printer (CZ280B),2380,HP Deskjet Ink Advantage 2545 All-in-One Printer (A9U23B) - A4 3-in-1 Wireless Inkjet (while stock last),0.574468085
11272,1939, HP Deskjet Ink Advantage 4615 (CZ283B) — A4 4-in-1 Print/Scan/Copy/Fax USB Color Inkjet Printer *FOC GIFT WORTH RM27*,3503,Canon PIXMA MX727 - A4 4-in-1 Print/Scan/Copy/Fax Duplex WiFi Color Inkjet Printer (item no: CANON MX727),0.421686747
13047,1939, HP Deskjet Ink Advantage 4615 (CZ283B) — A4 4-in-1 USB Inkjet Printer,2837,Canon PIXMA E610 - A4 4-in-1 USB Color Inkjet Printer (item no: CANON E610),0.475806452
12543,1939, HP Deskjet Ink Advantage 4615 (CZ283B) — A4 4-in-1 USB Inkjet Printer ★ FOC (RM27) GIFT,2837,Canon PIXMA E610 - A4 4-in-1 USB Color Inkjet Printer (item no: CANON E610),0.404109589
11393,1939, HP Deskjet Ink Advantage 4615 (CZ283B) — A4 4-in-1 USB Inkjet Printer ★ FOC GIFT WORTH RM27,2837,Canon PIXMA E610 - A4 4-in-1 USB Color Inkjet Printer (item no: CANON E610),0.401360544
9329,1939, HP Deskjet Ink Advantage 4615 All-in-One Printer (CZ283B) *FOC MYSTERY GIFT WORTH RM27*,2380,HP Deskjet Ink Advantage 2545 All-in-One Printer (A9U23B) - A4 3-in-1 Wireless Inkjet (while stock last),0.457627119
10267,1584, HP Officejet Pro 8600 e-All-in-One Printer series - N911 (CM749A),5007,HP Officejet Pro 6830 - A4  e-All-in-One function WIFI Network Inkjet Printer E3E02A EOL-6/2/2017,0.53125
10780,1585, HP Officejet Pro 8600 Plus e-All-in-One Printer series - N911 (CM750A) *FOC JUSCO RM100*,5007,HP Officejet Pro 6830 - A4  e-All-in-One function WIFI Network Inkjet Printer E3E02A EOL-6/2/2017,0.425
14963,2645, Panasonic KX-TG1311 (Black) — Digital Cordless Phone,1078,"Panasonic KX-FAT410 Toner Cartridge, KX-MB1500CX/1520/1530 Black Genuine - No Warranty (Item no: P KX FAT410)",0.423076923
15992,2644, Panasonic KX-TG1311 (Blue) — Digital Cordless Phone,7857,Lenovo A6010 MY 16G S.Phone-BLUE,0.384615385
15717,1258, Panasonic KX-TG1311 (Red) — Digital Cordless Phone,4892,"Bobino FOLDING PHONE HOLDER (Red) - Anti-slip Pad, Folding Hinge",0.384615385
14388,2646, Panasonic KX-TG1311 (White) — Digital Cordless Phone,4894,"Bobino FOLDING PHONE HOLDER (White) - Anti-slip Pad, Folding Hinge",0.384615385
92817,2585,? Sensonic MG150 Cordless Glaser Mouse — Titanium Grey,20226,HP 280 G1 Microtower G3260 W7C72PT 500G 4.0G 46 PC EOL-6/1/2017,0.405405405
92837,2586,? Sensonic MG220 Cordless Glaser Mouse — Blackish Grey,3649,Pilot G2 Gel Ink Pen 0.5mm E.FINE Black (Item No: A01-01 G2BK0.5)  A1R1B130,0.465517241
875,1261,[Business &amp; Education] Epson EB-S02: V11H433052,19247,ORION V1 VR GOGGLES - EOL-11/2/2017,0.288461538
2525,1549,13Amp 4-way BS Type Trailing Socket - White,663,HP 13A Black LaserJet Toner Cartridge (Q2613A),0.267857143
4169,1548,13Amp 4-way BS Type Trailing Socket - Yellow,663,HP 13A Black LaserJet Toner Cartridge (Q2613A),0.267857143
28329,6169,3M 680-E-5 Color Flags (Item No: 6-32),6161,3M Post-it Flags 680-9,0.488372093
27358,5915,"3M Post-it® Flags 680-9 &quot;Sign Here&quot; — 25mm x 43mm, 50 flags (Item No: 21-30)",6925,3M Exterior Mounting Tape - 25.4mm X 1.5m,0.336538462
23571,2237,3rex 84&quot; x 84&quot; Tripod Screen with Black Borders &amp; Keystone Correction (REX-84X84-T),8249,SAMPRO 84 x 84 TriPod Screen Matte White Fabric Thickness (Item No: G18-02),0.428571429
23880,2238,3rex 96&quot; x 96&quot; Tripod Screen with Black Borders &amp; Keystone Correction (REX-96X96-T),8250,SAMPRO 96 x 96 TriPod Screen Matte White Fabric Thickness (Item No: G18-03),0.428571429
27251,6318,40's DECAMAX Magic Clip Refill,7336,Acrylic Dust Mop - Set of 40cm (Item No: F16-01SET 40CM),0.526315789
28019,6163,45502 Scripti Stick On Note (Item No: 6-33),4398,3M 653 POST-IT NOTE 1.5 X 2-YELLOW,0.205128205
26250,6162,46121 Scripti Stick-On Note S·S,5765,Stainless Steel + Powder Coating Bin - C/W Artificial Designed Glass Bowl On Top  Inner Liner NAB-095/SS (Item No: G01-26),0.375
31176,6162,46121 Scripti Stick-On Note S·S (Item No: 6-26),5765,Stainless Steel + Powder Coating Bin - C/W Artificial Designed Glass Bowl On Top  Inner Liner NAB-095/SS (Item No: G01-26),0.367346939
32519,6938,5yds Cable Box (Item No: J4-21),3189,HP 5Y NBD T520-24in HW Support,0.357142857
27200,6326,96MM x 5M Cloth Tape (Item No: 9-36),6925,3M Exterior Mounting Tape - 25.4mm X 1.5m,0.56
15381,2586,√ Sensonic MG220 Cordless Glaser Mouse (Blackish Grey),3649,Pilot G2 Gel Ink Pen 0.5mm E.FINE Black (Item No: A01-01 G2BK0.5)  A1R1B130,0.465517241
15714,2564,"Acer Aspire V5 14.0&quot; Notebook - Silver, Windows 8 (V5-471P-33214G50)",7837,Lenovo Ideapad 100S-14IBR Notebook - Silver/ 14/ INTEL Celeron N3050/ 4G/ 128G/ W10H (Item No:LEN-80R9002LMJ) EOL 24/06/2016,0.597826087
10959,2426,"✓ Ballpoint Pen with Stylus for iPad, iPhone, Samsung Phones &amp; Tablets",19512,ORICO DCP-5U 5 port multi USB charger for iPad/Samsung TAB/iPhone/Android devices 7.2A (Item No: D15-53),0.5
12110,2586,✓ Sensonic MG220 Cordless Glaser Mouse — Blackish Grey,3649,Pilot G2 Gel Ink Pen 0.5mm E.FINE Black (Item No: A01-01 G2BK0.5)  A1R1B130,0.465517241
10987,2427,✓ Stereo Headphone with Mic &amp; Noise Cancellation,4251,"Adoro Laminating Film Pouch ID Size - 75mm x 110mm, 100pcs, 150mic",0.4
14086,2383,ASUS Cine5 Speaker,20925,Asus  GL553V- WDM113 BLACK /15.6/I7-6700HQ/8G]/1TB+128G/4VG/W10/BAG EOL-13/1/2017,0.322580645
27769,2383,ASUS Cine5 Speaker — 15W 5.0 Channel Surround Sound Speakers Bar,18856,ASUS NEW-ZE550KL-1C215WW ZENFONE LASER-RED/5.5 (Item No: GV160508131171) EOL-08/10/2016,0.446428571
7606,1990,"Asus GX1024X V3 24 Port 10/100Mbps Switch, ECO-friendly",19741,Asus BLACK/15.6/I3-5005U/4G/500G/2VG/W10/BAG (Item No: GV160805211086) EOL 24/08/2016,0.438596491
15747,1991,Asus GX-D1241 24-Port Rack-mountable Gigabit Switch,19573,ORICO W9PH4-U3 Portable 4-Port USB3.0 Hub with Power Switch (Item No: D15-114),0.296296296
26371,2011,ASUS RT-N12 C1 Wireless-N300 Router,7736,Asus G752VY i7-6700HQ R.Painting Dsg NB (item no: ASGC192T) EOL-13/1/2017,0.352112676
47870,1969,ASUS RT-N15U Wireless-N300 Gigabit Router,20140,HP ZBook 15u G2 W2Y25PA/i7-6500U/8GB/1TB/Win10Pro/3YW+BagPack EOL-13/1/2017,0.288461538
25152,1974,ASUS RT-N16 Wireless-N300 Gigabit Router,20921,ASUS ASRTN18U RT-N18U Wi-Fi Router ,0.211538462
23340,1975,ASUS RT-N56U Dual-Band Wireless-N600 Gigabit Router,8126,ASUS USB-N53  Black Diamond Dual Band Wi,0.222222222
26398,1960,ASUS USB-N10 Wireless-N150 USB Adapter,19015,Asus K20DA-BING-MY001S Desktop PC NEW-DT/A4-6210/2G/500G/W8.1BING/USB KB (Item No:GV160508131042) EOL 26/5/2016,0.305084746
6669,1961,ASUS USB-N13 Wireless-N300 USB Adapter,19015,Asus K20DA-BING-MY001S Desktop PC NEW-DT/A4-6210/2G/500G/W8.1BING/USB KB (Item No:GV160508131042) EOL 26/5/2016,0.305084746
45506,9421,ASUS ZenFone 5 - A501CG-2A278WWE - Black,4726,CBE Magnet Pocket 22215 A5 - Black (Item No: B10-186B) A1R3B131,0.627906977
45519,9419,ASUS ZenFone 5 - A501CG-2B279WWE - White,5940,CBE Magnet Pocket 22215 A5 - White (Item No: B10-186W) A1R3B131,0.627906977
17562,3017,AVF Rapoo 6200 Blue Navigation Bluetooth Mouse - Black,19295,Logitech M337 Bluetooth Mouse-Black,0.426229508
27736,2968,Awind WGA-310 Wireless Presentation System,5024,Brother MFC-J2320 - A4 Multi-Function/A3 Print Mobile (ADF-35shts) Auto-2 Sided (touch) Wired/Wireless Color InkBenefit,0.666666667
27282,4869,"Balliner Treasury Tags / Tali Hijau — 5&quot; size, 100pcs (Item No: 19-3)",4248,"Adoro Laminating Film Pouch ID Size — 60mm x 90mm, 100pcs, 150mic",0.488372093
41038,4869,"Balliner Treasury Tags / Tali Hijau — 5&quot; size, 100pcs (Item No: B11-100)",4248,"Adoro Laminating Film Pouch ID Size — 60mm x 90mm, 100pcs, 150mic",0.338709677
27012,5836,"Balliner Treasury Tags / Tali Hijau — 6&quot; size, 100pcs (Item No: 19-4)",4248,"Adoro Laminating Film Pouch ID Size — 60mm x 90mm, 100pcs, 150mic",0.488372093
28494,5837,"Balliner Treasury Tags / Tali Hijau — 7&quot; size, 100pcs (Item No: 19-5)",4248,"Adoro Laminating Film Pouch ID Size — 60mm x 90mm, 100pcs, 150mic",0.488372093
43904,5837,"Balliner Treasury Tags / Tali Hijau — 7&quot; size, 100pcs (Item No: B11-102)",4248,"Adoro Laminating Film Pouch ID Size — 60mm x 90mm, 100pcs, 150mic",0.338709677
27739,5838,"Balliner Treasury Tags / Tali Hijau — 8&quot; size, 100pcs (Item No: 19-6)",4248,"Adoro Laminating Film Pouch ID Size — 60mm x 90mm, 100pcs, 150mic",0.488372093
29977,5839,"Balliner Treasury Tags / Tali Hijau — 9&quot; size, 100pcs (Item No: 19-7)",4248,"Adoro Laminating Film Pouch ID Size — 60mm x 90mm, 100pcs, 150mic",0.488372093
22901,2520,BenQ GP10 Ultra-Lite LED Projector,8395,BENQ EX525 -5M.PJB00.014 Projector,0.43902439
10608,2519,BenQ Joybee GP2 Ultra Portable Mini Projector,8395,BENQ EX525 -5M.PJB00.014 Projector,0.428571429
29760,2521,BenQ MS502 2700L SmartEco SVGA 3D Ready DLP Projector,19753,BenQ MH740 Full HD 3D Network Projector (Item No: GV160809036001) EOL-9/11/2016,0.463414634
35633,6943,"BenQ MS504 SVGA 3000L Smarteco 3D Projector with 10,000 Hour Lamp Life Projector",20089,"Panasonic PT-VW530A LCD PROJECTOR (WXGA, 5,000 ANSI, 10,000:1 CONTRAST RATI (Item No: GV160829159018)",0.363636364
32793,2523,BenQ MS517 2800 Lumen SVGA DLP SmartEco Projector,6666,"NEC VE280G Projector - SVGA , 2800 ANSI Lumens, DLP Technology (Item No: NECVE280G)",0.483870968
24419,3347,BenQ MX503 — 2700L SmartEco XGA 3D Ready DLP Projector,19753,BenQ MH740 Full HD 3D Network Projector (Item No: GV160809036001) EOL-9/11/2016,0.463414634
10150,2527,BenQ MX613ST 3D Ready DLP Projector - 720p - HDTV - 4:3,2268,Sharp LX2000 - XGA 3D Ready DLP Projector - 720p - HDTV - 4:3 (Item No: SHARPLX2000),0.583333333
9242,2109,Brother DCP-7055 Printer,11,Brother DCP-1510 - A4 3in1 USB Mono Laser Printer,0.473684211
12447,2110,Brother HL-2130 — A4 Single-function USB Mono Laser Printer,27,Brother HL-1110 - A4 Single-function USB Mono Laser Printer,0.715909091
37231,1132,Brother HL-2250DN — A4 Single-function Duplex Network Mono Laser Printer,28,Brother HL-2240D - A4 Single-function Duplex USB Mono Laser Printer (Item No: B HL-2240D)-While stock last EOL 29/6/2016,0.697674419
4341,1133,Brother HL-2270DW,2960,Microsoft L2 Basic Optical Mouse Mac/Win USB Port - Black (Item No: MSP58-00065) A4R3B50,0.5
14260,1133,Brother HL-2270DW — A4 Single-function Duplex WiFi Mono Laser Printer,28,Brother HL-2240D - A4 Single-function Duplex USB Mono Laser Printer (Item No: B HL-2240D)-While stock last EOL 29/6/2016,0.697674419
7466,1133,Brother HL-2270DW Printer,11,Brother DCP-1510 - A4 3in1 USB Mono Laser Printer,0.473684211
779,1135,Brother MFC-7860DW,5782,Executive Flip Chart EX71B - 163-195H x 72W x 60D - Black (Item No: G05-27),0.5
16325,1135,Brother MFC-7860DW — A4 4-in-1 Print/Scan/Copy/Fax Duplex WiFi Mono Laser Printer,3503,Canon PIXMA MX727 - A4 4-in-1 Print/Scan/Copy/Fax Duplex WiFi Color Inkjet Printer (item no: CANON MX727),0.582608696
25562,1135,Brother MFC-7860DW — A4 4-in-1 Wireless Duplex Mono Laser Printer,12,Brother MFC-1810 - A4 4in1 USB Mono Laser Printer ,0.680412371
11708,1122,Brother MFC-9320CW — A4 4-in-1 Print/Scan/Copy/Fax WiFi Digital Color Laser Printer,3503,Canon PIXMA MX727 - A4 4-in-1 Print/Scan/Copy/Fax Duplex WiFi Color Inkjet Printer (item no: CANON MX727),0.63
27450,3005,"Brother MFC-J2510 InkBenefit — A3 4-in-1 Print/Scan/Copy/Fax WiFi Duplex with 3.7&quot; TouchScreen, A4 Scan, Color Inkjet Printer",2434,Brother MFC-J2310 InkBenefit - A3 4in1 InkJet Wireless Duplex - Scan A4 Only - No ADF (EOL-12/7/2016),0.605633803
46869,6026,Brother MFC-J430W — A4 4-in-1 Wireless Inkjet Printer E.O.L,2434,Brother MFC-J2310 InkBenefit - A3 4in1 InkJet Wireless Duplex - Scan A4 Only - No ADF (EOL-12/7/2016),0.67816092
23734,3004,"Brother MFC-J5910DW — A3 4-in-1 Print/Scan/Copy/Fax WiFi Duplex with 1.9&quot; TouchScreen, A4 Scan, Color Inkjet Printer",2434,Brother MFC-J2310 InkBenefit - A3 4in1 InkJet Wireless Duplex - Scan A4 Only - No ADF (EOL-12/7/2016),0.609929078
29978,2266,Brother MFC-J625DW — A4 4-in-1 Print/Scan/Copy/Fax WiFi Duplex with TouchScreen Display Color Inkjet Printer,3503,Canon PIXMA MX727 - A4 4-in-1 Print/Scan/Copy/Fax Duplex WiFi Color Inkjet Printer (item no: CANON MX727),0.628099174
34271,6955,Brother MFC-J6510DW — A3 4in1 InkJet Wireless Duplex,2434,Brother MFC-J2310 InkBenefit - A3 4in1 InkJet Wireless Duplex - Scan A4 Only - No ADF (EOL-12/7/2016),0.702380952
5084,1586,Brother MFC-J6910DW,1159, Brother TN-265 Magenta Toner Cartridge,0.333333333
23112,1586,Brother MFC-J6910DW — A3 4-in-1 Print/Scan/Copy/Fax WiFi Duplex with 3.3&quot; TouchScreen Display Color Inkjet Printer,6616,Epson WorkForce WF-7611 - A3+ 4-in-1 Print/Scan/Copy/Fax WiFi Color Inkjet Printer,0.58677686
11616,1586,Brother MFC-J6910DW — A3 4-in-1 Print/Scan/Copy/Fax WiFi Duplex with TouchScreen Display Color Inkjet Printer,6616,Epson WorkForce WF-7611 - A3+ 4-in-1 Print/Scan/Copy/Fax WiFi Color Inkjet Printer,0.58677686
27916,1586,Brother MFC-J6910DW — A3 4-in-1 Wireless Duplex with TouchScreen Inkjet Printer,2434,Brother MFC-J2310 InkBenefit - A3 4in1 InkJet Wireless Duplex - Scan A4 Only - No ADF (EOL-12/7/2016),0.627659574
8891,1586,Brother MFC-J6910DW Printer,11,Brother DCP-1510 - A4 3in1 USB Mono Laser Printer,0.473684211
7018,1955,Brother MFC-J825DW,1159, Brother TN-265 Magenta Toner Cartridge,0.333333333
24318,1955,Brother MFC-J825DW — A4 4-in-1 Print/Scan/Copy/Fax WiFi Duplex Color Inkjet Printer,3503,Canon PIXMA MX727 - A4 4-in-1 Print/Scan/Copy/Fax Duplex WiFi Color Inkjet Printer (item no: CANON MX727),0.684684685
4710,1134,Brother Monochrome Laser Multi-Function Centres MFC-7360,29,Brother MFC-8510DN - A4/Letter Multi-Function Fast Duplex Network Mono Laser Printer (Item No: B MFC-8510DN) EOL 22/09/2016,0.639344262
66,1586,Brother Multi-Function Centres MFC-J6910DW,19181,Brother DCP-L5600DN Laser Multi Function Printer,0.553191489
26513,1943,Brother PT-1290 — Home &amp; Office Label Printer,1380,Brother Label Printer Adaptors - AD24ESUK,0.395833333
7414,1943,Brother PT-1290 Label Printer,1380,Brother Label Printer Adaptors - AD24ESUK,0.487179487
3477,1944,Brother PT-2030,21841,Hp Pavillion T2 27-A271D Z8G42AA/27 Touch/ I7-7700T/8GB/2TB/DVDRW/WIN10/GT 930 4GB/3yrs Onsite,0.5
23933,1944,Brother PT-2030 — Professional Desktop Label Printer,19938,Brother TD-4000 Desktop Label and BarCode Printer ( Item No : GV160826108009 ),0.5625
7765,1944,Brother PT-2030 Label Printer,1380,Brother Label Printer Adaptors - AD24ESUK,0.487179487
8272,1946,Brother PT-2430PC Label Printer,1380,Brother Label Printer Adaptors - AD24ESUK,0.487179487
19080,1945,Brother PT-2730 — Desktop Label Printer PC-Connectable included AC Adapter Ensures ,19938,Brother TD-4000 Desktop Label and BarCode Printer ( Item No : GV160826108009 ),0.45
37465,1949,Brother PT-7600 - Handheld Thermal Label Printer - Thermal Transfer 10mm per sec - 180dpi,6,"Brother PT-9700PC - Desktop Barcode, Identification, Thermal Transfer Label Printer",0.233333333
3633,1942,Brother PT-90,1159, Brother TN-265 Magenta Toner Cartridge,0.333333333
26371,1942,Brother PT-90 — Personal Label Printer,1380,Brother Label Printer Adaptors - AD24ESUK,0.475
9651,1942,Brother PT-90 Label Printer,1380,Brother Label Printer Adaptors - AD24ESUK,0.487179487
111191,8653,Call Bell - (Item No: B11-77) A1R2B135,3738,2B Exam Grade Pencils 12pcs P-EG18,0.357142857
6627,780,Canon BX-3,2510,EPSON EB-X31 LCD Projector (Item No: EPSON EB-X31),0.5
43776,780,Canon BX-3 Black Ink Cartridge,1615,Canon BCI-15 Black Ink Cartridge EOL-8/12/2016,0.607843137
7717,1047,Canon IF-A501 Fax Ink Film,21827,Canon BCI-1421 Black Ink Tank,0.45
16268,2346,Canon imageCLASS MF4420w Printer,19872,Canon imageCLASS LBP352x - A4 single function/USB Direct Print/Network/Duplex/Mono Laser Printer,0.487179487
20193,3037,Canon imageCLASS MF4720w Advanced All-In-One With Wi-Fi,5142,Canon imageCLASS MF211 - A4 All-In-One Monochrome Laser Printer,0.493333333
119179,18199,Canon Optical Mouse USB ZEN IIO - Red (Item No: ZMOUSE) A4R3B73,96,Canon Pixma MG3670 - Red/A4/AIO/Duplex/Cloud Print/Wireless/ Color Home/Photo Inkjet Printer (Item no: CANON MG3670),0.672727273
119334,2186,Canon PGI-750 Black Ink Cartridge (C PGI-750BK),1770,Canon PGI-7 Black ink tank (25 ml),0.845070423
32337,2737,Canon PIXMA MG5470 — A4 3-in-1 Print/Scan/Copy WiFi Color Inkjet Printer,3073,Canon PIXMA E560 - A4 3-in-1 Print Scan Copy Wireless Inkjet Printer (item no: CANON E560),0.745283019
14511,1981,Canon PIXMA MX517 — A4 4-in-1 Print/Scan/Copy/Fax WiFi Color Inkjet Printer,3503,Canon PIXMA MX727 - A4 4-in-1 Print/Scan/Copy/Fax Duplex WiFi Color Inkjet Printer (item no: CANON MX727),0.76635514
35540,6661,Cash Box with Locker &amp; Combination — Blue,19549,Orico PHB-25 2.5 HDD Protection Box With Net Packet Design (Blue) (Item No: D15-90),0.823529412
37439,6660,Cash Box with Locker &amp; Combination — Red,5802,"BOX Paper Shredder HC1501D - Cross-Cut, 22L Container",0.764705882
28310,6557,"CBE Self-Stick Notes &quot;Please Sign&quot; Indexer — 20 sheets/pad, 5 pads (Item No: 6-35)",4154,CBE 76020 Clear Holder 20 Pockets BK-A4 (Item No: B10-10 BK),0.535714286
120109,3162,Computer Form 9.5&quot;x11&quot; 3Ply &amp; 3Clr 300Fans (Item No: C01-35) A5R1B3,3588,NCR Pre-Printed Envelope Mailer Form - Payslip - 3-Ply 2-Ups - 9.5 x 11 500 Fans (Item No: C01-17) A5R1B16,0.245901639
22430,4229,Computer Form-2 Ply,6561,PNY Stainless Steel Micro M2 Attache USB Flash Drive - 16GB (Item No: PNYM2MICRO16) A4R2B98,0.681818182
28569,2847,Cooler Master NotePal i100 Notebook Cooling Pad - Black,6664,ACER Aspire ES 11 Notebook Black *,0.444444444
26940,2852,Cooler Master NotePal i100 Notebook Cooling Pad - Blue,6900,ACER Aspire E 15  Notebook - Denim Blue i7-6500 / 4GB DDR3L / 1TB / Nvidia 920 2GB / 802.11ac / HD Webcam / 15.6 HD LED /Windows 10(item no:ACE5574G7414),0.444444444
32096,2851,Cooler Master NotePal i100 Notebook Cooling Pad - Pink,6892,ACER Aspire E5-473-308T Notebook - Coral Pink/14 HD LED/ i3-5005U/ 4GB/ W0 H (ItemnoACE5473308T ) EOL 26/5/2016,0.444444444
28339,2848,Cooler Master NotePal i100 Notebook Cooling Pad - White,6662,ACER Aspire E14 Notebook White *,0.444444444
26815,2846,"Cooler Master SNA 65 Universal Laptop Adapter — for Acer, ASUS, HP, BenQ, IBM, Lenovo, Toshiba, Fujitsu, Dell, Samsung",8961,"HP 685 Cyan ink cartr, DJ4615/25/5525/65",0.280373832
38627,7170,CSR Gula 1kg (Item No: DMP4-1),21373,DEODORANT BLOCK 1KG,0.476190476
39413,7170,CSR Gula 1kg (Item No: E03-14),21373,DEODORANT BLOCK 1KG,0.476190476
26248,6172,Dell B1160W — A4 Single-function Wireless Mono Laser Printer,27,Brother HL-1110 - A4 Single-function USB Mono Laser Printer,0.555555556
26301,6176,Dell B1165NFW — A4 4-in-1 Wireless Mono Laser Printer,4854,HP LaserJet Pro MFP M225dn Printer (CF484A) — A4 4-in-1 Duplex Network Mono Laser EOL 29/11/2016,0.663043478
26299,6175,Dell C1660W — A4 Single-function Wireless Color Laser Printer,2737,Fuji Xerox DocuPrint C2200 A4 Single-function Network Color Laser Printer (Item no: XEXC2200),0.557142857
23133,4790,"Ding Li L-Shape Metal Bookend — 7'', Pack of 2, Blue (Item No: 11-9)",19034,ASUS Transformer Book T100HA - Blue Metal (Item No: GV160508131065) EOL 14/6/2016,0.4
90589,10976,"Ding Li L-Shape Metal Bookend — 7inch, Pack of 2, Blue (Item No: 11-9)",19034,ASUS Transformer Book T100HA - Blue Metal (Item No: GV160508131065) EOL 14/6/2016,0.3
113009,14159,DingLi Round Clips DL.0013 (50mm) Box of 36pcs (Item No: B12-29-Box),3927,Spring Clip (31mm) Box of 36pcs,0.29
27251,6364,DMC-516 DECAMAX Magic Clipper (Item No: 12-35),19242,TP Link NEFFOS C5 TP701B14MY WHITE 2GB+16GB (Item No:GV160607212009),0.483870968
35998,6364,DMC-516 DECAMAX Magic Clipper (Item No: B11-06),4163,Paper Clipper Small - Blue (Item No: B11-06) A1R3B102,0.42
30273,5927,DVI to VGA Cable Adapter — M/F (DVIVGAMF),18238,HP Multi charger phone cable - 17/3 to,0.692307692
28097,1553,EPSON EB-905 LCD Projector - 3000 ANSI Lumens (V11H387052),5152,Canon LV-S300 DLP Projector - 3000lm/SVGA,0.205479452
11006,2573,EPSON EB-S02 - 2600 Lumens SVGA Projector (V11H433052) *FOC NB Projector Mount*,3167,EPSON EB-1430Wi Multimedia LCD Business Projector (Item no: EPSON EB 1430WI),0.253521127
11000,1261,EPSON EB-S02 - 2600 Lumens SVGA Projector (V11H433052) *FOC Projector Mount (NBT718-2)*,3357,North Bayou Projector Mount (NBT718-2) A7R1B44,0.322222222
7645,1261,EPSON EB-S02 Projector (V11H433052),3167,EPSON EB-1430Wi Multimedia LCD Business Projector (Item no: EPSON EB 1430WI),0.310344828
9381,1261,EPSON EB-S02 Projector (V11H433052) *FOC North Bayou Projector Mount (NBT718-2)*,3357,North Bayou Projector Mount (NBT718-2) A7R1B44,0.344444444
35883,7251,EPSON EB-S18 - SVGA 3000 Lumens Portable 3LCD Projector (V11H552052),3182,Epson EB-945H - XGA/3000lm/3LCD Business Projector (Item No: EPSON EB-945H) E.O.L.,0.58
44044,7099,EPSON EB-X03 - XGA - 2700 Lumens Portable 3LCD Projector - V11H555052,7699,Epson EB-955WH Portable 3LCD projector with case (Item no: EPSON EB 955WH),0.430555556
11203,1262,"EPSON EB-X12 Projector - 2800 ANSI Lumens, XGA (V11H429052) *FOC JUSCO RM100*",4536,Epson M100 - High Performance In Black And White (Item No: EPSON M100),0.263157895
10247,1262,EPSON EB-X12 Projector (V11H429052) *FOC JUSCO RM100*,4536,Epson M100 - High Performance In Black And White (Item No: EPSON M100),0.3125
11437,2348,"EPSON EH-TW3600 Projector - Full HD, 1080p, HDMI, 2000 ANSI Lumens (V11H373152)",19766,BenQ W2000 2000L 1080p Rec.709 Wireless Home Projector (Item No:GV160809036014) EOL-9/11/2016,0.466019417
27508,361,Epson EPL-6200 High Capacity (S050166),181,Epson 677 Black Ink Cartridge High Capacity - 3.4k (C13T677190),0.285714286
6034,2031,EPSON EXPRESSION ME-101,21882,Epson Expression 120000XL A3 Scanner,0.35483871
10147,2031,EPSON EXPRESSION ME-101 Printer,2180, EPSON LabelWorks LW-400 Label Printer,0.461538462
92727,2036,EPSON EXPRESSION ME-301 (WITH WI-FI),2112,Epson ME-301 High Cap Black Ink Cartridge (Item No: EPS T191190),0.625
13668,2155,EPSON INKJET PHOTO L800 — A4 Single-function 6-Inks USB Color Inkjet Photo Printer,6443,Epson L850 Multifunction Photo Printer - A4/6Inks/Print/Scan/Copy/CD/DVD printing/USB,0.473684211
26563,2354,EPSON L110 — A4 Single-function USB Color Inkjet Printer,3497,Canon PIXMA iP2770 - A4 Single-function USB Color Inkjet Photo Printer (Item No: CANON IP2770),0.583333333
24411,2149,EPSON L210 — A4 3-in-1 Print/Scan/Copy USB Color Inkjet Printer,6608,Epson L360 - A4 3-in-1 Print/Scan/Copy Color Inkjet Printer (Item No: EPSON L360) ,0.705357143
40720,2356,EPSON L350 — A4 3-in-1 Print/Scan/Copy USB Color Inkjet Printer,6608,Epson L360 - A4 3-in-1 Print/Scan/Copy Color Inkjet Printer (Item No: EPSON L360) ,0.705357143
7928,2154,EPSON L355 Printer,2180, EPSON LabelWorks LW-400 Label Printer,0.473684211
29671,2154,EPSON L355 WIFI — A4 3-in-1 Print/Scan/Copy WiFi Color Inkjet Printer,6609,Epson L365 - A4 3-in-1 Print/Scan/Copy Wifi Color Inkjet Printer (Item No: EPSON L365),0.754716981
48623,2155,Epson L800 - A4 Single-function 6-Inks USB Color Inkjet Photo Printer,4335,EPSON LQ-590 — A4 24-Pin USB/Parallel Dot Matrix Printer,0.482352941
71167,10749,EPSON ME™ 340,1406,Brother DR-340 Drum,0.526315789
9617,1231,EPSON PERFECTION™ V33,20010,Brother V3 Create beautiful embroidery projects with the Long-arm Sewing Machine,0.483870968
5375,1225,Epson S042070 Glossy Photo Paper (4R),19932,Brother BP71GP20 - 4 x 6 4R Glossy Photo Paper 20 sheets (Item No:GV160826108003) EOL-10/10/2016,0.5
24454,2366,Epson S042071 Glossy Photo Paper - A4 / 20sheets / 225g,4346,"Comb Binding Plastic — A4, 16mm, 120sheets (Item No :B11-68) A1R4B55",0.326086957
3274,1201,EPSON STYLUS OFFICE T1100,18887,Dell PowerEdge T110 II 210-36024 compact tower server - E3-1220V2/4GB LVUDIMM/500GB (Item No.GV160508131290)EOL 21/09/2016,0.384615385
23156,1200,EPSON STYLUS PHOTO 1390 — A3+ Single-function USB Photo Inkjet Printer,5025,Brother MFC-J2720 - A4 Multi-Function/A3 Print Mobile (ADF-50shts) Auto-2 Sided (touch) Wired/Wireless Color InkBenefit Inkjet Printer,0.511627907
26928,2232,EPSON STYLUS PHOTO R2000 — A3+ Single-function WiFi Color Inkjet Printer,5025,Brother MFC-J2720 - A4 Multi-Function/A3 Print Mobile (ADF-50shts) Auto-2 Sided (touch) Wired/Wireless Color InkBenefit Inkjet Printer,0.569620253
22147,883,Epson T014 Color (T014091),8331,FULL COLOUR BLENDED CIRCULAR MOP Green (Item No: F10-62GR)  A3R1B83 (refer t0 F10-62),0.588235294
32395,2117,Epson T5852G PictureMate PicturePack,19015,Asus K20DA-BING-MY001S Desktop PC NEW-DT/A4-6210/2G/500G/W8.1BING/USB KB (Item No:GV160508131042) EOL 26/5/2016,0.46875
25252,2677,EPSON WORKFORCE PRO WP-4511 — A4 3-in-1 Print/Scan/Copy Duplex WiFi Color Inkjet Printer,6609,Epson L365 - A4 3-in-1 Print/Scan/Copy Wifi Color Inkjet Printer (Item No: EPSON L365),0.672268908
39467,2357,EPSON WORKFORCE WF-2538 — A4 4-in-1 Print/Scan/Copy/Fax WiFi Color Inkjet Printer,3503,Canon PIXMA MX727 - A4 4-in-1 Print/Scan/Copy/Fax Duplex WiFi Color Inkjet Printer (item no: CANON MX727),0.663551402
35237,1985,EPSON WORKFORCE WF-7011 — A3+ Single-function WiFi Color Inkjet Printer,5025,Brother MFC-J2720 - A4 Multi-Function/A3 Print Mobile (ADF-50shts) Auto-2 Sided (touch) Wired/Wireless Color InkBenefit Inkjet Printer,0.576923077
36369,7138,F&amp;N High Calcium Sweetened Creamer (Item No: DMP3-13),19759,BenQ SX912 5000L High Brightness Network DLP Projector (Item No: GV160809036007) EOL-9/11/2016,0.172413793
38615,7138,F&amp;N High Calcium Sweetened Creamer (Item No: E03-03),19759,BenQ SX912 5000L High Brightness Network DLP Projector (Item No: GV160809036007) EOL-9/11/2016,0.172413793
28282,5757,"Famosa Hard Cover Quarto Book, F4 — 200pgs, Single Line - Purple (Item No: 10-13)",3621,Greenhill Hard Cover FOOLSCAP BOOK F4 200PG S/LINE (Item No: C02-19),0.730769231
28282,5759,"Famosa Hard Cover Quarto Book, F4 — 200pgs, Single Line - Yellow (Item No: 10-13)",3621,Greenhill Hard Cover FOOLSCAP BOOK F4 200PG S/LINE (Item No: C02-19),0.730769231
30289,6371,F-C Art Gum Tin 250ML 187090-25 (L) (Item No: 25-43),5493,DETTOL INST HAND SANITIZER  SKIN CARE 250ML (Item No: F02 02 SC250ML),0.49122807
27200,6372,F-C Tack-It 50GSM (187091-50) (Item No: 25-44),6346,Mr Muscle Kiwi Kleen Toilet Bowl Bloo Cleaner 2 x 50g (Item No: F03-15) A3R1B32,0.489361702
27335,6373,F-C Tack-It 75GSM (Item No: 25-45),19730,Campap CA3138 F4 FOOLSCAP BOOK (INDEX) 300P (Item No: C02-48),0.347826087
37530,6149,Fc30400 Memo Pad — Yellow (Item No: 6-22),7994,FAX MP-C20/C30/C50/C70 BLACK INK,0.428571429
109050,6223,Fg-Tcp18 Twistable Colour Pencils (Item No: CL-0132),4050,Buncho Twistable Color Pencils - 12 colors ,0.046511628
22984,5907,Fuji Xerox DocuCentre S1810 — A3 Single-function Network Mono Laser Printer,2735,Fuji Xerox DocuPrint 3105 — A3 Single-function Duplex/Network Mono Laser Printer (Item No: XEXDP3105),0.77173913
33558,5909,Fuji Xerox DocuCentre S2010 — A3 3-in-1 Duplex Network Mono Laser Printer,2735,Fuji Xerox DocuPrint 3105 — A3 Single-function Duplex/Network Mono Laser Printer (Item No: XEXDP3105),0.62037037
12128,1386,Fuji Xerox DocuPrint CM205B — A4 3-in-1 Print/Scan/Copy USB Color Laser/SLED Printer,4838,Fuji Xerox DocuPrint CM405df - A4 4-in-1 Print/Scan/Copy/Fax Duplex Network Color Laser Printer (Item No: XEXCM405DF),0.538461538
147,1390,Fuji Xerox DocuPrint CM205f,1297,Xerox CM205/CP105 CT201591 Std Cap Toner 2K - Black (Item No: XER CP105BK),0.609756098
24255,1390,Fuji Xerox DocuPrint CM205f — A4 4-in1 Print/Scan/Copy/Fax Network Color Laser/SLED Printer,4838,Fuji Xerox DocuPrint CM405df - A4 4-in-1 Print/Scan/Copy/Fax Duplex Network Color Laser Printer (Item No: XEXCM405DF),0.765765766
3802,1391,Fuji Xerox DocuPrint CM205fw,1297,Xerox CM205/CP105 CT201591 Std Cap Toner 2K - Black (Item No: XER CP105BK),0.609756098
12437,1391,Fuji Xerox DocuPrint CM205fw — A4 4-in-1 Print/Scan/Copy/Fax WiFi Color Laser/SLED Printer,4838,Fuji Xerox DocuPrint CM405df - A4 4-in-1 Print/Scan/Copy/Fax Duplex Network Color Laser Printer (Item No: XEXCM405DF),0.756756757
7358,1391,Fuji Xerox DocuPrint CM205fw Printer,3514,Fuji Xerox DocuPrint (TL300792) CP215W Colour S-LED Printer (Item no: XEXCP215W),0.591836735
78,1389,Fuji Xerox DocuPrint CP105b,20905,Fuji Xerox CP105 Promotion Pack,0.853658537
10736,1389,Fuji Xerox DocuPrint CP105b - A4 Single-function USB Color Laser/SLED Printer *FOC MYSTERY GIFT WORTH RM213*,2737,Fuji Xerox DocuPrint C2200 A4 Single-function Network Color Laser Printer (Item no: XEXC2200),0.591397849
41538,1389,Fuji Xerox DocuPrint CP105b — A4 Single-function USB Color Laser,4840,Fuji Xerox DocuPrint P355db - A4 Single-function USB Mono Laser Printer (Item No: XEXP355DB),0.675
24716,1389,Fuji Xerox DocuPrint CP105b — A4 Single-function USB Color Laser Printer,4840,Fuji Xerox DocuPrint P355db - A4 Single-function USB Mono Laser Printer (Item No: XEXP355DB),0.704545455
15378,1389,Fuji Xerox DocuPrint CP105b — A4 Single-function USB Color Laser/SLED Printer,4840,Fuji Xerox DocuPrint P355db - A4 Single-function USB Mono Laser Printer (Item No: XEXP355DB),0.696629213
7471,1389,Fuji Xerox DocuPrint CP105b Printer *FOC MYSTERY GIFT WORTH RM213*,20905,Fuji Xerox CP105 Promotion Pack,0.479452055
1483,1385,Fuji Xerox DocuPrint CP205,1345,Xerox M205 P205 High Capacity CT201610 (Item No: XER P205 2.2K),0.609756098
10664,1385,Fuji Xerox DocuPrint CP205 - A4 Single-function Network Color Laser/SLED Printer,2737,Fuji Xerox DocuPrint C2200 A4 Single-function Network Color Laser Printer (Item no: XEXC2200),0.903225806
16370,1385,Fuji Xerox DocuPrint CP205 — A4 Single-function Network Color Laser/SLED Printer,2737,Fuji Xerox DocuPrint C2200 A4 Single-function Network Color Laser Printer (Item no: XEXC2200),0.743902439
324,1378,Fuji Xerox DocuPrint M205f,1345,Xerox M205 P205 High Capacity CT201610 (Item No: XER P205 2.2K),0.609756098
8815,1378,Fuji Xerox DocuPrint M205f Printer,3514,Fuji Xerox DocuPrint (TL300792) CP215W Colour S-LED Printer (Item no: XEXCP215W),0.591836735
5399,1377,Fuji Xerox DocuPrint M205fw,1345,Xerox M205 P205 High Capacity CT201610 (Item No: XER P205 2.2K),0.609756098
22671,1377,Fuji Xerox DocuPrint M205fw — A4 4-in-1 Print/Scan/Copy/Fax WiFi Mono Laser/SLED Printer,4838,Fuji Xerox DocuPrint CM405df - A4 4-in-1 Print/Scan/Copy/Fax Duplex Network Color Laser Printer (Item No: XEXCM405DF),0.680327869
10037,1377,Fuji Xerox DocuPrint M205fw Printer,3514,Fuji Xerox DocuPrint (TL300792) CP215W Colour S-LED Printer (Item no: XEXCP215W),0.591836735
44454,6027,Fuji Xerox DocuPrint M215b - A4 3-in-1 USB Mono Laser,2730,Fuji Xerox DocuPrint M225dw 3in1 Mono Laser Printer (Item No: XEXM225DW),0.658536585
44604,9205,Fuji Xerox DocuPrint M215b 3in1 Printer,2730,Fuji Xerox DocuPrint M225dw 3in1 Mono Laser Printer (Item No: XEXM225DW),0.710144928
27266,6027,Fuji Xerox DocuPrint M215b — A4 3-in-1 USB Mono Laser,4840,Fuji Xerox DocuPrint P355db - A4 Single-function USB Mono Laser Printer (Item No: XEXP355DB),0.558823529
24384,6027,Fuji Xerox DocuPrint M215b — A4 3-in-1 USB Mono Laser Printer,4840,Fuji Xerox DocuPrint P355db - A4 Single-function USB Mono Laser Printer (Item No: XEXP355DB),0.590909091
27439,1377,Fuji Xerox DocuPrint M215fw — A4 4-in-1 Wireless Mono Laser,4748,Fuji Xerox DocuPrint CM215fw - A4 4-in-1 Wireless Color Laser,0.768421053
25578,2186,Fuji Xerox DocuPrint M255z — A4 4-in-1 Print/Scan/Copy/Fax WiFi Mono Laser/SLED Printer,4838,Fuji Xerox DocuPrint CM405df - A4 4-in-1 Print/Scan/Copy/Fax Duplex Network Color Laser Printer (Item No: XEXCM405DF),0.680327869
540,1375,Fuji Xerox DocuPrint P205b,1345,Xerox M205 P205 High Capacity CT201610 (Item No: XER P205 2.2K),0.609756098
10815,1375,Fuji Xerox DocuPrint P205b - A4 Single-function USB Monochrome Laser/SLED Printer,4840,Fuji Xerox DocuPrint P355db - A4 Single-function USB Mono Laser Printer (Item No: XEXP355DB),0.728395062
26964,1375,Fuji Xerox DocuPrint P205b — A4 Single-function USB Mono Laser,4840,Fuji Xerox DocuPrint P355db - A4 Single-function USB Mono Laser Printer (Item No: XEXP355DB),0.725274725
24698,1375,Fuji Xerox DocuPrint P205b — A4 Single-function USB Mono Laser Printer,4840,Fuji Xerox DocuPrint P355db - A4 Single-function USB Mono Laser Printer (Item No: XEXP355DB),0.747474747
23439,1375,Fuji Xerox DocuPrint P205b — A4 Single-function USB Mono Laser/SLED Printer (White),4840,Fuji Xerox DocuPrint P355db - A4 Single-function USB Mono Laser Printer (Item No: XEXP355DB),0.660714286
7640,1375,Fuji Xerox DocuPrint P205b Printer,3514,Fuji Xerox DocuPrint (TL300792) CP215W Colour S-LED Printer (Item no: XEXCP215W),0.591836735
37398,6303,Fuji Xerox DocuPrint P215b - A4 Single-function USB Mono Laser,4840,Fuji Xerox DocuPrint P355db - A4 Single-function USB Mono Laser Printer (Item No: XEXP355DB),0.718309859
42,1092,Fuji Xerox Phaser 3435dn,2596,Fuji Xerox ( 1 printer + 1 toner ),0.487804878
9447,2344,Garmin nüvi® 2565 SG/MY,4688,CBE 2565 Name Badge W/O Clip (95MM X 65MM),0.606060606
27101,2975,"GBC CombBind C12 Binding Machine — Swingline, Manual, Binds 225 Sheets, Punches 12, 1&quot; Max Spine",5742,GBC CombBind 110 - Office Plastic Comb Binding Machine (12 Sheets) (Item No: G07-22) A7R1B25,0.466019417
23510,2976,"GBC CombBind C75 Binding Machine — Manual, Binds 125 Sheets, Punches 10",5881,GBC WireBind W15 Binding Machine - Binds 125 Sheets - Punches 15 (Item No: G07-36),0.538461538
22810,4909,Glue Pen 50ml (Item No: 18-8),3496,"UHU Glue Pen 50ml - Solvent Free, Liquid Paper Glue (Item No: B04-05 GPEN50ML) A1R2B102",0.837837838
48693,9879,Hamper Keakraban Keluarga BK03,21151,Chinese New Year Hamper - 2017,0.043478261
48630,9877,Hamper Kemeriahan Sanak Saudara BK01,21151,Chinese New Year Hamper - 2017,0.041666667
48669,9878,Hamper Riang-Ria Balik Kampung BK02,21151,Chinese New Year Hamper - 2017,0.04
10370,292,HP 03F (C3903F),8307,CBE 103F PP Document Holder (F4)  - Red (Item No: B10-89RD),0.3
24817,304,HP 123A Cyan LaserJet Toner Cartridge (Q3971A),677,HP 122A Cyan LaserJet Toner Cartridge (Q3961A),0.444444444
45288,306,HP 123A Magenta LaserJet Toner Cartridge (Q3973A),639,HP 685 Magenta Ink Cartridge (CZ123AA),0.527777778
112762,2163,HP 126A SET LaserJet Toner Cartridge (CMYKK) SET-HP-126A,7376,HP 26A Black LaserJet Toner Cartridge (CF226A),0.819672131
22045,691,HP 13 Black Ink Cartridge (C4814A),663,HP 13A Black LaserJet Toner Cartridge (Q2613A),0.605633803
112636,9893,HP 130A SET LaserJet Toner Cartridge (CMYK) SET-HP-130A,20826,HP 30A Black Original LaserJet Toner Cartridge (CF230A),0.819672131
24156,2381,HP 15 2-pack Black Inkjet Print Cartridges (CC626AA),477,HP 45 2-pack Black Inkjet Print Cartridges (Item No: HP CC625AA),0.595959596
10357,707,HP 23 Color (C1823D),6236,"Philips 23 Monitor -  LCD Monitor with SmartImage, Gioco, 23 / 58.4cm 3D, FPR glasses (Item No: PHILIP238G4DHSD)",0.68627451
30872,707,HP 23 Tri-color Inkjet Print Cartridge (C1823D),2326,HP Deskjet 1010 Printer - A4 Single-function USB Inkjet (Item No: HPCX015A) EOL 23/05/2016,0.550724638
33049,708,HP 25 Tri-color Inkjet Print Cartridge (51625A),4415,"Print n Stick A4 Laser Inkjet Label Stickers 20pcs — 25mm x 98mm, 100sheets (Item No: R01-14) A1R3B197",0.52173913
26048,677,HP 27 2-pack Black Inkjet Print Cartridges (CC621AA),477,HP 45 2-pack Black Inkjet Print Cartridges (Item No: HP CC625AA),0.595959596
28612,744,HP 40 Black Inkjet Print Cartridge (51640AA),300,HP 15 Black Inkjet Print Cartridge (C6615DA),0.493670886
23706,2581,HP 82X Black LaserJet Toner Cartridge (C4182X),563,HP 05A Black LaserJet Toner Cartridge (CE505A),0.444444444
25315,722,HP 94 2-pack Black Inkjet Print Cartridges (CC622AA),477,HP 45 2-pack Black Inkjet Print Cartridges (Item No: HP CC625AA),0.595959596
24245,723,HP 96 2-pack Black Inkjet Print Cartridges (CC623AA),477,HP 45 2-pack Black Inkjet Print Cartridges (Item No: HP CC625AA),0.595959596
23296,2225,HP Advance Glossy Photo Paper - 4R / 20 sheets / 250g (Q8863A),19932,Brother BP71GP20 - 4 x 6 4R Glossy Photo Paper 20 sheets (Item No:GV160826108003) EOL-10/10/2016,0.445544554
14127,1170,HP Business Inkjet 2800 (C8174A) — A3+ Single-function USB/Parallel Color Inkjet Printer,728,HP Color LaserJet Professional CP5225 Printer (CE710A) - A3 Single-function USB Color Laser EOL-31/10/2016,0.447368421
10747,1170,HP Business Inkjet 2800 Printer (C8174A),2380,HP Deskjet Ink Advantage 2545 All-in-One Printer (A9U23B) - A4 3-in-1 Wireless Inkjet (while stock last),0.388059701
28155,2974,HP Color LaserJet C9734B Image Transfer Kit,19401,HP Color Laserjet 5500/5550 Transfer Kit (C9734B),0.971428571
7207,1057,HP Color LaserJet CP2025n Printer (CB494A),8793,HP CLJ CP2025/CM2320 CY TNR,0.416666667
48515,9643,HP Color Laserjet PRO 300 M351 A - A4 Single-function Color Laser,7990,HP LaserJet Pro 400 Printer M401dn (CF278A) - A4 Single-function Duplex Network Mono Laser (Item No: HPCF278A) (EOL-29/7/2016),0.483516484
31457,2631,HP Designjet Z5200 44-in PostScript Printer (CQ113A),663,HP 13A Black LaserJet Toner Cartridge (Q2613A),0.3125
106763,5931,HP Deskjet 1510 All-in-One Printer (B2L56A) - A4 3-in-1 USB Inkjet,2380,HP Deskjet Ink Advantage 2545 All-in-One Printer (A9U23B) - A4 3-in-1 Wireless Inkjet (while stock last),0.603305785
25079,5931,HP Deskjet 1510 All-in-One Printer (B2L56A) — A4 3-in-1 USB Inkjet,2380,HP Deskjet Ink Advantage 2545 All-in-One Printer (A9U23B) - A4 3-in-1 Wireless Inkjet (while stock last),0.624113475
3743,1986,HP Deskjet 2000 Printer - J210a (CH390A),19544,Orico OPC-5US 5 Port (2.4A  3 x 1.0A) Charging Hub with QI Wireless Charging - Black (Item No: D15-85),0.422535211
48,1172,HP Deskjet 2050 All-in-One Printer - J510a (CH350A),5673,HP Deskjet 2132 - A4 All-in-one Printer (F5S41A),0.381443299
59,1580,HP Deskjet 3070A e-All-in-One Printer - B611a (CQ191A),2330,HP Deskjet Ink Advantage 3545 HPA9T81B-A4 e-All-in-One Wireless Inkjet Printer,0.428571429
24996,5928,HP Deskjet Ink Advantage 1515 All-in-One Printer (B2L57B) — A4 3-in-1 USB Inkjet,2380,HP Deskjet Ink Advantage 2545 All-in-One Printer (A9U23B) - A4 3-in-1 Wireless Inkjet (while stock last),0.646666667
1,1578,HP Deskjet Ink Advantage 2060 All-in-One Printer - K110a (CQ750A),2380,HP Deskjet Ink Advantage 2545 All-in-One Printer (A9U23B) - A4 3-in-1 Wireless Inkjet (while stock last),0.433962264
12106,1936,HP Deskjet Ink Advantage 2515 (CZ280B) — A4 3-in-1 Print/Scan/Copy USB Color Inkjet Printer,2380,HP Deskjet Ink Advantage 2545 All-in-One Printer (A9U23B) - A4 3-in-1 Wireless Inkjet (while stock last),0.5
3156,1936,HP Deskjet Ink Advantage 2515 All-in-One Printer (CZ280B),2380,HP Deskjet Ink Advantage 2545 All-in-One Printer (A9U23B) - A4 3-in-1 Wireless Inkjet (while stock last),0.574468085
23151,1926,HP Deskjet Ink Advantage 2520hc (CZ338A) — A4 3-in-1 Print/Scan/Copy USB Color Inkjet Printer,2380,HP Deskjet Ink Advantage 2545 All-in-One Printer (A9U23B) - A4 3-in-1 Wireless Inkjet (while stock last),0.5
24533,1926,HP Deskjet Ink Advantage 2520hc (CZ338A) — A4 3-in-1 USB Inkjet Printer,2380,HP Deskjet Ink Advantage 2545 All-in-One Printer (A9U23B) - A4 3-in-1 Wireless Inkjet (while stock last),0.572580645
110464,5929,HP Deskjet Ink Advantage 2645 - A4 All-in-One USB Inkjet Printer (Item No: HPD4H22B),6873,HP DeskJet Ink Advantage 3835  - A4/ All-in-One/ wireless/ Color Printer (F5R96B),0.627272727
30536,5929,HP Deskjet Ink Advantage 2645 All-in-One Printer (D4H22B) — A4 4-in-1 USB Inkjet,2380,HP Deskjet Ink Advantage 2545 All-in-One Printer (A9U23B) - A4 3-in-1 Wireless Inkjet (while stock last),0.513333333
24472,5882,HP Deskjet Ink Advantage 4515 e-All-in-One Printer (A9J41B) — A4 3-in-1 Wireless Inkjet Printer,2380,HP Deskjet Ink Advantage 2545 All-in-One Printer (A9U23B) - A4 3-in-1 Wireless Inkjet (while stock last),0.616352201
24930,1939,HP Deskjet Ink Advantage 4615 (CZ283B) — A4 4-in-1 USB Inkjet Printer,2837,Canon PIXMA E610 - A4 4-in-1 USB Color Inkjet Printer (item no: CANON E610),0.475806452
6098,1939,HP Deskjet Ink Advantage 4615 All-in-One Printer (CZ283B),2380,HP Deskjet Ink Advantage 2545 All-in-One Printer (A9U23B) - A4 3-in-1 Wireless Inkjet (while stock last),0.574468085
2942,1939,HP Deskjet Ink Advantage 4615 All-in-One Printer (CZ283C),2380,HP Deskjet Ink Advantage 2545 All-in-One Printer (A9U23B) - A4 3-in-1 Wireless Inkjet (while stock last),0.574468085
32889,7303,HP Deskjet Ink Advantage 4645 e-All-in-One Printer (B4L10B) - A4 4in1 Wireless Inkjet,2330,HP Deskjet Ink Advantage 3545 HPA9T81B-A4 e-All-in-One Wireless Inkjet Printer,0.541984733
23314,1938,HP Deskjet Ink Advantage 6525 (CZ276B) — A4 3-in-1 Print/Scan/Copy Duplex ePrint &amp; AirPrint™ WiFi Color Inkjet Printer,2380,HP Deskjet Ink Advantage 2545 All-in-One Printer (A9U23B) - A4 3-in-1 Wireless Inkjet (while stock last),0.476510067
13383,1938,HP Deskjet Ink Advantage 6525 (CZ276B) — A4 3-in-1 Print/Scan/Copy ePrint &amp; AirPrint™ WiFi Color Inkjet Printer,2380,HP Deskjet Ink Advantage 2545 All-in-One Printer (A9U23B) - A4 3-in-1 Wireless Inkjet (while stock last),0.493055556
9426,1938,HP Deskjet Ink Advantage 6525 e-All-in-One Printer (CZ276B),2330,HP Deskjet Ink Advantage 3545 HPA9T81B-A4 e-All-in-One Wireless Inkjet Printer,0.607843137
464,1235,HP Flash Drive 4GB (v250w),18888,Dell POWEREDGE T420 Tower Server - E52407 v2/ 4GB/ 2TB/ 8x 3.5hot plug HDD (Item No.GV160508131291) EOL 31/5/2016,0.673076923
25834,3353,"HP HDD Aluminum Series 1TB — USB 3.0, SimpleSave Backup Software (Black)",20259,HP 14-am101TX/i5-7200U X9K52PA/4GB/1TB/DVD/2GB R5-M130/2YR/BP/BLACK,0.75
25948,3354,"HP HDD Aluminum Series 1TB — USB 3.0, SimpleSave Backup Software (Blue)",7422,HP Pavilion15-ab061TX Notebook - Blue/ i7-5500U/ 8GB/ 1TB/ DVD/ NVIDIA GeForce940M/ W8.1 (Item No: HPM4X99PA#UUF),0.75
43191,8793,HP Laserjet 5200tn Printer  (Q7545A) — A3 Single-function Duplex Network Mono Laser Printer,2735,Fuji Xerox DocuPrint 3105 — A3 Single-function Duplex/Network Mono Laser Printer (Item No: XEXDP3105),0.486956522
1469,1588,HP LaserJet Enterprise 500 color Printer M551dn (CF082A),20821,HP (#26) DJ/DJ400/500/505K/550C black,0.37037037
25118,1588,HP LaserJet Enterprise 500 Color Printer M551dn (CF082A) — A4 Single-function Duplex Network Color Laser Printer,6549,HP Color LaserJet Enterprise M552dn - A4 Single-Function/ Network/ Duplex/ Color Laser Printer,0.412698413
3193,1069,HP LaserJet Enterprise P3015dn Printer (CE528A),8845,HP (#55A) LJ P3015 BLACK TNR (6k),0.416666667
82833,1325,HP LaserJet Pro 100 color MFP M175a (CE865A),735,HP Officejet 100 Mobile Printer L411a HPCN551A-A4 Single-function Bluetooth Color Inkjet Printer (Item No: HPCN551A) EOL 06/09/2016,0.382716049
7084,1325,HP LaserJet Pro 100 color MFP M175a (CE865A) *FOC JUSCO RM100*,18275,Coupon Code-05/FOC RM100 KFC Vch,0.398058252
23965,1325,HP LaserJet Pro 100 Color MFP M175a (CE865A) — A4 3-in-1 Print/Scan/Copy USB Color Laser Printer,6689,HP LaserJet Pro MFP M435nw - A3 3-in-1 Print/Scan/Copy Network Mono Laser Printer A3E42A,0.423076923
14903,1325,HP LaserJet Pro 100 Color MFP M175a (CE865A) — A4 3-in-1 Print/Scan/Copy USB Color Laser Printer ★ FOC JUSCO RM100,6689,HP LaserJet Pro MFP M435nw - A3 3-in-1 Print/Scan/Copy Network Mono Laser Printer A3E42A,0.370786517
7561,1325,HP LaserJet Pro 100 color MFP M175a Printer (CE865A) *FOC JUSCO RM100*,18275,Coupon Code-05/FOC RM100 KFC Vch,0.369369369
82847,1326,HP LaserJet Pro 100 color MFP M175nw (CE866A),735,HP Officejet 100 Mobile Printer L411a HPCN551A-A4 Single-function Bluetooth Color Inkjet Printer (Item No: HPCN551A) EOL 06/09/2016,0.382716049
28007,1326,HP LaserJet Pro 100 Color MFP M175nw (CE866A) — A4 3-in-1 Print/Scan/Copy ePrint &amp; AirPrint™ WiFi Color Laser Printer,6689,HP LaserJet Pro MFP M435nw - A3 3-in-1 Print/Scan/Copy Network Mono Laser Printer A3E42A,0.417721519
13762,1326,HP LaserJet Pro 100 Color MFP M175nw (CE866A) — A4 3-in-1 Print/Scan/Copy ePrint &amp; AirPrint™ WiFi Color Laser Printer ★ FOC JUSCO RM100,6689,HP LaserJet Pro MFP M435nw - A3 3-in-1 Print/Scan/Copy Network Mono Laser Printer A3E42A,0.366666667
7352,1326,HP LaserJet Pro 100 color MFP M175nw Printer (CE866A) *FOC JUSCO RM100*,18275,Coupon Code-05/FOC RM100 KFC Vch,0.369369369
82867,1924,HP LaserJet Pro 200 color Printer M251n (CF146A),731,HP LaserJet Pro 200 Color MFP M276n (CF144A) - A4 4-in-1 Network Color Laser Printer,0.545454545
23890,1924,HP LaserJet Pro 200 Color Printer M251n (CF146A) — A4 Single-function Network Color Laser,731,HP LaserJet Pro 200 Color MFP M276n (CF144A) - A4 4-in-1 Network Color Laser Printer,0.541666667
42698,2030,HP LaserJet Pro 300 Color Printer M351a (CE955A) — A4 Single-function USB Color Laser,2387,HP LaserJet Pro 400 M401dne - A4 Single Function Mono Laser Printer (Item No: HPCF399A) EOL,0.409448819
30280,1923,HP LaserJet Pro 300 Color Printer MFP M375nw (CE903A) — A4 4-in-1 Print/Scan/Copy/Fax ePrint &amp; AirPrint™ WiFi Color Laser,2365,"HP Officejet Pro X476dw - A4 4in1 InkJet | Wireless - AirPrint, ePrint | Duplex Print, Duplex Scan CN461A EOL-6/1/2017",0.490566038
23307,2529,HP LaserJet Pro 400 Color MFP M475dn (CE863A) — A4 4-in-1 Print/Scan/Copy/Fax Duplex Network Color Laser,732,HP LaserJet Pro 400 Printer MFP M425dn (CF286A) - A4 4-in-1 Duplex Network Mono Laser,0.557823129
8062,1589,HP LaserJet Pro 400 color Printer M451dn (CE957A),3236,HP LaserJet Pro 400 MFP M477fdw - A4 AIO Duplex/Network Color Laser Printer CF379A,0.545454545
29815,1590,HP LaserJet Pro 400 Color Printer M451nw (CE956A) — A4 Single-function Duplex ePrint &amp; AirPrint™ WiFi Color Laser,7990,HP LaserJet Pro 400 Printer M401dn (CF278A) - A4 Single-function Duplex Network Mono Laser (Item No: HPCF278A) (EOL-29/7/2016),0.574626866
3711,1925,HP LaserJet Pro 400 MFP M425dw (CF288A),3229,HP LaserJet Pro 400 MFP M426fdn - A4 AIO/Duplex/Network/Mono Laser Printer F6W14A,0.5
1352,1054,HP LaserJet Pro CM1415fn Color Multifunction Printer (CE861A),6523,HP Color LaserJet Pro M252dw - A4 Single Touchscreen Printer,0.368421053
1885,1060,HP LaserJet Pro CM1415fnw Color Multifunction Printer (CE862A),6523,HP Color LaserJet Pro M252dw - A4 Single Touchscreen Printer,0.368421053
1661,1594,HP LaserJet Pro CP1525n Color Printer (CE874A),6523,HP Color LaserJet Pro M252dw - A4 Single Touchscreen Printer,0.411764706
4105,2015,HP LaserJet Pro M1212nf Multifunction Printer (CE841A),8860,HP (#85A) LJ Pro P1102/1102W/M1212nf/M11,0.506666667
2990,1063,HP LaserJet Pro P1566 Printer (CE663A),8858,HP #(78A) LJ Pro P1566/1606 Black toner,0.567164179
3,1182,HP Officejet 4500 All-in-One Printer - G510h (CB868A),32,HP Officejet 150 HPCN550A Printer - A4 all-in-one Color Inkjet,0.423076923
6273,1182,HP Officejet 4500 All-in-One Printer (CB867A),6493,HP OfficeJet 7510 A3size All-in-One Printer G3J47A,0.565217391
9102,1182,HP Officejet 4500 All-in-One Printer (CB868A),6493,HP OfficeJet 7510 A3size All-in-One Printer G3J47A,0.565217391
20544,2014,HP Officejet 6000 - E609a (CB051A) — A4 Single-function Network Color Inkjet Printer,735,HP Officejet 100 Mobile Printer L411a HPCN551A-A4 Single-function Bluetooth Color Inkjet Printer (Item No: HPCN551A) EOL 06/09/2016,0.561904762
29658,2014,HP Officejet 6000 - E609a (CB051A) — A4 Single-function Network Inkjet Printer,6235,HP Officejet Pro 6230 ePrinter - A4 Single-function WIFI Network Inkjet Printer E3E03A,0.567307692
4980,2014,HP Officejet 6000 Printer - E609a (CB051A),692,HP 124A Black LaserJet Toner Cartridge (Q6000A),0.384615385
8006,2014,HP Officejet 6000 Printer - E609a (CB051A) *FOC WATER BOTTLE*,692,HP 124A Black LaserJet Toner Cartridge (Q6000A),0.37037037
11813,1581,HP Officejet 7000 (C9299A) — A3+ Single-function Network Color Inkjet Printer,141,HP Officejet 7110-H812a HPCR768A-A3+ Single-function ePrint  AirPrint™ WiFi Color Inkjet Printer CR768A,0.561904762
1821,1581,HP Officejet 7000 Wide Format Printer (C9299A),3512,HP Officejet 7612 Wide Format e-All-in-One - A3+ 4-in-1 Print/Scan/Copy/Fax ePrint  AirPrint™ WiFi Color Inkjet Printer G1X85A,0.466666667
11492,1190,HP Officejet 7500A (C9309A) — A3+ 4-in-1 Print/Scan/Copy/Fax ePrint &amp; AirPrint™ WiFi Color Inkjet Printer,3512,HP Officejet 7612 Wide Format e-All-in-One - A3+ 4-in-1 Print/Scan/Copy/Fax ePrint  AirPrint™ WiFi Color Inkjet Printer G1X85A,0.685314685
2072,1190,HP Officejet 7500A Wide Format e-All-in-One Printer (C9309A),5007,HP Officejet Pro 6830 - A4  e-All-in-One function WIFI Network Inkjet Printer E3E02A EOL-6/2/2017,0.550458716
24647,5677,HP Officejet 7610 Wide Format e-All-in-One Printer (CR769A) — A3+ 4-in-1 Print/Scan/Copy/Fax ePrint &amp; AirPrint™ WiFi Color Inkjet Printer,3512,HP Officejet 7612 Wide Format e-All-in-One - A3+ 4-in-1 Print/Scan/Copy/Fax ePrint  AirPrint™ WiFi Color Inkjet Printer G1X85A,0.592783505
2229,1181,HP Officejet J3608 All-in-One Printer (CB070A),6493,HP OfficeJet 7510 A3size All-in-One Printer G3J47A,0.565217391
1374,1447,HP Officejet J4660 All-in-One Printer (CB786A),6493,HP OfficeJet 7510 A3size All-in-One Printer G3J47A,0.565217391
24436,1584,HP Officejet Pro 8600 - N911 (CM749A) — A4 4-in-1 Wireless Duplex Inkjet Printer,2365,"HP Officejet Pro X476dw - A4 4in1 InkJet | Wireless - AirPrint, ePrint | Duplex Print, Duplex Scan CN461A EOL-6/1/2017",0.5859375
13674,1584,HP Officejet Pro 8600 - N911 (CM749A) — A4 4-in-1 with TouchScreen &amp; Duplex Print WiFi Inkjet Printer,2365,"HP Officejet Pro X476dw - A4 4in1 InkJet | Wireless - AirPrint, ePrint | Duplex Print, Duplex Scan CN461A EOL-6/1/2017",0.594202899
244,1584,HP Officejet Pro 8600 e-All-in-One Printer series - N911 (CM749A),5007,HP Officejet Pro 6830 - A4  e-All-in-One function WIFI Network Inkjet Printer E3E02A EOL-6/2/2017,0.53125
27066,1585,HP Officejet Pro 8600 Plus - N911 (CM750A) — A4 4-in-1 Wireless Duplex Print/Scan Inkjet Printer,2365,"HP Officejet Pro X476dw - A4 4in1 InkJet | Wireless - AirPrint, ePrint | Duplex Print, Duplex Scan CN461A EOL-6/1/2017",0.554878049
13974,1585,HP Officejet Pro 8600 Plus - N911 (CM750A) — A4 4-in-1 with TouchScreen &amp; Duplex Print/Scan WiFi Inkjet Printer,2365,"HP Officejet Pro X476dw - A4 4in1 InkJet | Wireless - AirPrint, ePrint | Duplex Print, Duplex Scan CN461A EOL-6/1/2017",0.542168675
12323,1585,HP Officejet Pro 8600 Plus - N911 (CM750A) — A4 4-in-1 with TouchScreen &amp; Duplex Print/Scan WiFi Inkjet Printer ★ FOC JUSCO RM100,2365,"HP Officejet Pro X476dw - A4 4in1 InkJet | Wireless - AirPrint, ePrint | Duplex Print, Duplex Scan CN461A EOL-6/1/2017",0.478723404
30978,1585,"HP Officejet Pro 8600 Plus - N911g — A4 4in1 InkJet | Wireless - AirPrint, ePrint | Duplex Print, Duplex Scan",2365,"HP Officejet Pro X476dw - A4 4in1 InkJet | Wireless - AirPrint, ePrint | Duplex Print, Duplex Scan CN461A EOL-6/1/2017",0.666666667
1023,1585,HP Officejet Pro 8600 Plus e-All-in-One Printer series - N911 (CM750A),5007,HP Officejet Pro 6830 - A4  e-All-in-One function WIFI Network Inkjet Printer E3E02A EOL-6/2/2017,0.492753623
8405,1585,HP Officejet Pro 8600 Plus e-All-in-One Printer series - N911 (CM750A) *FOC JUSCO RM100*,5007,HP Officejet Pro 6830 - A4  e-All-in-One function WIFI Network Inkjet Printer E3E02A EOL-6/2/2017,0.425
87069,1193,HP Photosmart 5510 e-All-in-One Printer - B111a (CQ176A),2330,HP Deskjet Ink Advantage 3545 HPA9T81B-A4 e-All-in-One Wireless Inkjet Printer,0.419047619
6625,1469,HP Photosmart 6510 e-All-in-One Printer - B211a (CQ761A),2330,HP Deskjet Ink Advantage 3545 HPA9T81B-A4 e-All-in-One Wireless Inkjet Printer,0.419047619
3824,1195,HP Photosmart 7510 e-All-in-One Printer - C311a (CQ880A),6493,HP OfficeJet 7510 A3size All-in-One Printer G3J47A,0.533333333
22624,2512,HP Photosmart Premium Fax - C410a (CQ521A) — A4 4-in-1 Print/Scan/Copy/Fax ePrint &amp; AirPrint™ WiFi Color Inkjet Printer,2365,"HP Officejet Pro X476dw - A4 4in1 InkJet | Wireless - AirPrint, ePrint | Duplex Print, Duplex Scan CN461A EOL-6/1/2017",0.569343066
32024,3020,"HP Slim Travel AC Adapter (VF685AA) — for HP Ultrabook, HDX, Compaq",8860,HP (#85A) LJ Pro P1102/1102W/M1212nf/M11,0.403225806
13929,1513,HP Universal Instant-dry Satin Photo Paper 610mm x 30.5m / 24in x 100ft (Q6579A),1885,"Epson photo paper gloss (17""x 30.5m",0.342657343
33655,2983,"HSM CM3206 Manual Paper Cutter — Finger Guard, Guillotine Cutting Length 320mm, Capacity 10 sheets",5912,"HSM T3310 Manual Paper Trimmer - Cutting Length 330mm, Capacity 10 sheets",0.495049505
21095,3000,"HSM T3206 Manual Paper Trimmer — Rotary Lock, Cutting Length 320mm, Capacity 6 sheets",5857,"Geha Shredder Home  Office S15 - 7.0mm, Strip-Cut, 15 sheets 70gsm Paper, 15L (Item No: G06-09) A7R1B1 (while stock last)",0.424657534
91423,11076,Index Divider 5 colours (Item No: 19-18),4274,ABBA AB-22009 - 5 Colors Index Divider,0.5
34950,6384,KIJO Card Ring 80MM (Item No: 21-59),4687,CBE 2560 Name Badge W/O Clip (110MM X 80MM) (Item No: B10-162) A1R3B116,0.5
44512,7367,KIJO G5.0x19MM Measure Tape R8871 {DMH-1-1),21717,3M 811 Removable Tape 19mmx32.9M,0.255555556
40667,7366,KIJO G7.5x25MM Measure Tape R8872 (DMH-1-2),6925,3M Exterior Mounting Tape - 25.4mm X 1.5m,0.255555556
110389,6385,KIJO OPP Writing Brush-L (Item No: B05-62) A1R4B71,3551,CAMPAP CA3486 B7 50S MEMO PAD  ,0.288461538
36717,6734,KIJO Time Recorder TR-900A Punch Card Machine — Digital &amp; Analog,19544,Orico OPC-5US 5 Port (2.4A  3 x 1.0A) Charging Hub with QI Wireless Charging - Black (Item No: D15-85),0.428571429
91431,5598,Kingston SODIMM - Macbook RAM 4GB KTA-MB1066/4GFR,2796,ASUS A555LB-XX410T Red Notebook - 15.6/I7-5500U/4G/1TB/NV GT940M/W10 (Item no: ASXX410T) A4R2B35,0.46875
17911,3316,Kingston Technology 4GB (1x4 GB) 1333MHz DDR3 PC3 10600 204-Pin SODIMM Memory — for Notebooks (KVR1333D3S9/4G),18891,Dell 1x4GB NON-ECC DDR3 1600MHZ SDRAM MEMORY (Item No: GV160508131294) EOL 17/6/2016,0.336734694
31435,6448,Kitchen Scissors — K022 (Item No: 17-21),4761,3M Scotch Premium Kitchen Scissors,0.086956522
27699,6012,Kiwi Kleen Glass Cleaner 500g (Item No: J4-8),18768,ASUS  UX305CA-FC097T Zenbook - Champagne Gold/ 13.3/m3-6Y30/ 8G/ 500G/ SATA3 256G M.2 SSD/ share/ Win 10/ Bag inside (Item No: ASFC097T) A4R2B42 EOL 30/09/2016,0.454545455
108795,9096,Kjeldsens Butter Cookies (Item No: E04-24) A2R1B39,19103,Canon PRO-500 A2 Photo Inkjet Printer (Item No: CANON PRO-500),0.348837209
47594,8870,Kokuyo Harinacs Stapleless Stapler - Compact (Blue) (Item No: SLN-MSH205LB),3723,Pilot FriXion Ball Clicker - Erasable Gel Ink Pen 0.5mm BLUE (Item No: A01-16 FXBC0.5L) A1R1B217,0.586956522
22554,5883,Laptop Battery for ASUS 4710 series,18997,Asus A556U-BXX190T A-Series Laptop - Dark Brown,0.463414634
36570,7164,Lay's Stax Original Potato Chips Crisps - 163g (Item No: E05-10),2529,ACER Switch 10 3G Notebook Black,0.267857143
106334,10403,Lenovo LI2041 Wide 20-inch LED Backlit  LCD Monitor (Item No: LEN-18201723),3171,HP Pavilion 20fi 20-inch Diagonal IPS LED Backlit Monitor (Item No: HPMC8H76A7),0.337078652
47769,9430,Lenovo Z40-70 Notebook 594361660 - Black ,7838,Lenovo 100-15IBY Notebook Black,0.428571429
119409,2570,Letterpress Card - Happy Birthday Firecraker (Item No: R06-08) A9R2B11,3738,2B Exam Grade Pencils 12pcs P-EG18,0.288461538
116753,2579,Letterpress Card - Love - Some Memories Never Fade (Item No: R06-14) A9R2B11,3738,2B Exam Grade Pencils 12pcs P-EG18,0.277777778
9056,946,Lexmark 1 Color (18C0781A),8001,DOLPHIN DUAL 3.1A CarFast Charger CCD002,0.483870968
1932,967,Lexmark 100 Black (14N0820A),19421,Akasa Black SATA 3.0 Data Cable (100cm),0.516129032
341,966,Lexmark 100 Cyan (14N0900A),2551,"Canon Cartridge 332 Cyan Toner (6,100 pgs)",0.516129032
1729,965,Lexmark 100 Yellow (14N0902A),4399,"3M Post-it® Notes 656 — 2in x 3in, 100 sheets - Canary Yellow",0.516129032
2534,958,Lexmark 105XL Black (14N0822A),565,HP 05X 2-pack High Yield Original LaserJet Toner Cartridges - Black (CE505XD),0.435483871
1254,386,Lexmark 12017SR,760,LEXMARK  EXECJET IIC COLOR CARTR.,0.333333333
14824,948,Lexmark 14A Black (18C2080A),19544,Orico OPC-5US 5 Port (2.4A  3 x 1.0A) Charging Hub with QI Wireless Charging - Black (Item No: D15-85),0.677419355
1859,944,Lexmark 15A Color (18C2100A),305,HP 15A Black LaserJet Toner Cartridge (C7115A),0.392156863
3812,943,Lexmark 16 Color (10N0016A),713,HP 16A Black LaserJet Toner Cartridge (Q7516A),0.68627451
4155,945,Lexmark 17 Black (10N0217A),20823,HP 17A Black Original LaserJet Toner Cartridge (CF217A),0.758064516
18126,949,Lexmark 23A Black (18C1623A),18033,HP 251-a150d  Home Desktop - Black/Pentium J2900/2GB/500GB/DVDRW/Win10/UMA (Item No: HPN4R23AA) refer to GV160909091645,0.435483871
18126,941,Lexmark 24A Color (18C1624A),19518,Orico DUB-4P 4x2.4A Desktop Charging Station Total Output 9.6A (Item No: D15-59),0.588235294
4155,930,Lexmark 27 Color (10N0227A),21039,Lion Chair COSTA 27A,0.68627451
4887,940,Lexmark 28A Black (18C1528A),19499,"Orico CSE-5U 5 port Smart Desktop Charger, Total 8A (Black) (Item No: D15-40)",0.677419355
15655,950,Lexmark 31 Photo Black (18C0031A),7750,Asus K31AD i3-4160 Blk Notebook,0.507936508
455,938,Lexmark 32 Black (18C0032A),20834,HP 32A Original LaserJet Imaging Drum (CF232A),0.564516129
5814,937,Lexmark 33 Color (18C0033A),785,LEXMARK E33X/E34X -6K,0.588235294
2938,936,Lexmark 34 Black (18C0034A),19544,Orico OPC-5US 5 Port (2.4A  3 x 1.0A) Charging Hub with QI Wireless Charging - Black (Item No: D15-85),0.435483871
2938,935,Lexmark 35 Color (18C0035A),456,HP 35A Black LaserJet Toner Cartridge (CB435A),0.68627451
8590,962,Lexmark 36A Black (18C2150A),8779,HP (#36A) LJ P1505/M1522 BLACK TONER,0.516129032
6825,1643,Lexmark 36AXL Black (18C2190A),8779,HP (#36A) LJ P1505/M1522 BLACK TONER,0.435483871
9081,934,Lexmark 43XL Color (18Y0143A),6910,"Geha Shredder Office  M10 CD - Cross-cut paper,3 x 9mm,2.0m/Min.18 liters (Item No: G06-19) A7R1B10",0.294117647
2187,933,Lexmark 44XL Black (18Y0144A),19544,Orico OPC-5US 5 Port (2.4A  3 x 1.0A) Charging Hub with QI Wireless Charging - Black (Item No: D15-85),0.435483871
230,952,Lexmark 71 Black (15M2971A),18799,"Epson Black on Yellow, Heat Shrink Tape - 14mm x 2.5m (Item No: EPS LK-6YBA14)",0.435483871
316,373,Lexmark E260A11P,20294,HPE ML30 Gen9 E3-1220v5 824379-371 1P 4GB-U B14,0.5
33014,7304,LG Inkless Paper Exclusive for LG Pocket Photo Printer,4778,Faber Castell SLEEVE Mini - PVC Eraser (Light Green) Fluorescent Colours (Item No: A02-21 LG) A1R1B150,0.243902439
15246,1249,Logitech Bluetooth® Mouse M555b,6784,Logitech Bluetooth M557 Mouse - Dark Grey,0.545454545
4295,1916,Logitech Cooling Pad N120,20659,Asus NB N120W-02 90XB00DN-MPW020 ADAPTER ,0.46875
1474,1257,Logitech Cooling Pad N200,1513,Brother TN-200 Toner Cartridge ,0.46875
25471,1257,Logitech Cooling Pad N200 with USB-Powered 2-Speed Fan ,5908,HSM Classic 102.2S Document Shredder - 3.9mm - Strip-Cut - 15 sheets 70gsm paper - 25L,0.364864865
12439,2663,Logitech Stereo Speakers Z110,3193,Epson EB-Z11000 Bright installation LCD Business projector (Item no: EPSON Z11000),0.46875
15677,1243,"Logitech Tablet Speaker — for Apple iPad, Samsung Galaxy Tab &amp; other Tablets",19512,ORICO DCP-5U 5 port multi USB charger for iPad/Samsung TAB/iPhone/Android devices 7.2A (Item No: D15-53),0.468085106
23264,3345,Logitech TV Cam HD for Skype Calls on HDTVs,4826,Logitech USB Headset H540 for PC Calls and Music,0.352941176
389,1245,Logitech Wireless Combo MK260,18629,K2 50 Polyethylene Bin,0.483870968
23781,2659,Logitech Wireless Mouse M310 (Blue),19297,Logitech M171 Wireless Mouse-Blue,0.545454545
26664,2660,Logitech Wireless Mouse M310 (Grey),19296,Logitech M171 Wireless Mouse-Grey,0.545454545
25535,2970,Logitech Wireless Mouse M525 (Blue),19297,Logitech M171 Wireless Mouse-Blue,0.545454545
27947,2969,Logitech Wireless Mouse M525 (Red),19298,Logitech M171 Wireless Mouse-Red,0.545454545
26700,2971,Logitech Wireless Mouse M525 (Turquoise),21928,AIR WICK LIFE SCENT TURQUOISE OASIS AERO,0.288888889
4923,2050,Magic-Pro ProMini Power Partner 4000mAh - Dark Gray,19048,ASUS ZenBook Pro UX501VW - Dark Grey (Item No : GV160508131085) EOL 27/08/2016,0.384615385
8952,2054,Magic-Pro ProMini Power Partner 4000mAh - Green,18814,Epson Stylus Pro 4900 200ml Green,0.392156863
6153,2057,Magic-Pro ProMini Power Partner 8000mAh - Dark Gray,19048,ASUS ZenBook Pro UX501VW - Dark Grey (Item No : GV160508131085) EOL 27/08/2016,0.384615385
40200,8644,Magnetic Clip Dispenser No.891 (Item No: B01-35),736,HP Designjet T120 24-in ePrinter (CQ891A),0.4
69812,10691,"MAX Staples 1210FA-H Bullet — 1/2&quot; Crown Size, 3/8&quot; Leg Length, 100 staples/strip, 1000 staples/box",19440,ORICO HR01-U3 Portable 3 Port USB 3.0 HUB with 1 RJ45 10/100/1000 Gigabit Ethernet LAN Wired Network Adapter - Black (Item No: D15-72),0.5
69816,10693,"MAX Staples 1213FA-H Bullet — 1/2&quot; Crown Size, 1/2&quot; Leg Length, 100 staples/strip, 1000 staples/box",19440,ORICO HR01-U3 Portable 3 Port USB 3.0 HUB with 1 RJ45 10/100/1000 Gigabit Ethernet LAN Wired Network Adapter - Black (Item No: D15-72),0.5
31331,4256,MAX Staples 1224FA-H Bullet — 15/16&quot; Leg Length (Item No: 6-17),21483,Buncho PC15CC Poster Color 16 Pink - 6/Box,0.533333333
39755,3012,Microsoft SideWinder X5 Gaming Mouse,8081,Geha Shredder Home & Office X5,0.606060606
39431,8807,Microsoft SideWinder X8 Gaming Mouse,6907,"Geha Shredder Home  Office X8 CD - Cross-cut paper,5 x 38mm,2.25m/Min.15 litre (Item No: G06-15) A7R1B8",0.606060606
38521,6912,Minlite 5 Led Night (Item No: J4-19),6895,ACER Aspire E 14  Notebook - Grey i5-6200 / 4GB DDR3L / 1TB / Nvidia 920 2GB / 802.11ac / HD Webcam / 14 HD LED /Windows 10 Home 64-bit/3-Year Local Warranty (Item no : ACE5474G53QG ),0.043478261
42229,6730,NIKKI Special High Class Water colour  (Item No: B05-65),6225,D'ARTE MURAL COLOUR SMALL GREEN ( ITEM NO : B05 59 GR ),0.533333333
9,607,Panasonic KX-FAT93E Drum,1067,Panasonic KX-FA78A Drum (*toner not included),0.473684211
91553,3192,PANASONIC KX-FP701ML FACSIMILE,3970,3M Scotch® Mounting Tape - 12mm x 1m,0.483870968
23782,3192,"Panasonic KX-FP701ML Facsimile — DECT Fax, 28-Page Document Memory, 2-Line LCD Readout, Junk Fax Prohibitor",3970,3M Scotch® Mounting Tape - 12mm x 1m,0.172413793
91604,1036,Panasonic KX-P155ML Ribbon,1086,Panasonic KX-P145ML Ribbon,0.473684211
12443,2645,Panasonic KX-TG1311 (Black) — Digital Cordless Phone,1078,"Panasonic KX-FAT410 Toner Cartridge, KX-MB1500CX/1520/1530 Black Genuine - No Warranty (Item no: P KX FAT410)",0.423076923
13851,2646,Panasonic KX-TG1311 (White) — Digital Cordless Phone,4894,"Bobino FOLDING PHONE HOLDER (White) - Anti-slip Pad, Folding Hinge",0.384615385
27251,4388,Paper Cutter 10 x 15 (Item No: 17-7),584,HP 60 Photo Value Pack-50 sht/10 x 15 cm (CG848AA),0.8
31156,6712,Pen Holder — Multi-function Pen Vase - BS-621,19954,Brother CAPENHL1 Pen Holder,0.266666667
31331,6711,Pen Holder — Multi-function Pen Vase - BS-622,19954,Brother CAPENHL1 Pen Holder,0.266666667
30577,6713,Pen Holder — Multi-function Rotating Pen Vase - YY-466,19954,Brother CAPENHL1 Pen Holder,0.262295082
113277,3667,Pilot-G3-Gel-Ink-Pen-1-0mm-Black-A01-07-G3BK1-0-A1R1B142,2529,ACER Switch 10 3G Notebook Black,0.84375
45514,3205,PITNEY BOWES FRANKING MACHINE K700-A,19544,Orico OPC-5US 5 Port (2.4A  3 x 1.0A) Charging Hub with QI Wireless Charging - Black (Item No: D15-85),0.625
31582,7095,Pitney Bowes Red Ink Cartridge for DM300c - DM400c - DM475 series postage meters,4129,AE Refill Ink for Pre-inked Stamps - Red AEINK-R,0.446808511
21338,4365,Plastic Cutter Knife Small (Size: 13cm),5641,Fringed Dust Mop Pad - 100cm x 13cm (Item No: F10-74) A4R1B30,0.689655172
28999,3211,PLUS Electronic Whiteboard and Copyboard — with Built-in Thermal Printer (PBF-041S),4536,Epson M100 - High Performance In Black And White (Item No: EPSON M100),0.37037037
24184,4767,PVC Computer File A4 (9.5&quot; x 11&quot;) (Item No: 19-26),4331,East-File Clear Holder 359A - A4 Size - Black ( Item No: B11 62 BK ) ,0.551282051
22669,4758,Q-File Arch File 3&quot; (Item No: 21-1),8175,LENOVO IdeaCentre Q190 i3 Desktop PC,0.357142857
25041,3185,QUARTET / NOBO Euro Magnetic Presentation Easel Whiteboard / Flipchart — 26 x 39inch / 660 x 1000mm,7597,WP-OR23O Orchid Board 60 x 90 x 10CM - Orange Wht Surface (Item No : G05-206),0.301724138
32032,3188,"QUARTET / NOBO Unimate Total Erase, Dry-Erase Easel Flipchart — 26 x 39inch / 660 x 1000mm",7378,HP 26X Black LaserJet Toner Cartridge (CF226X),0.204081633
29305,6559,"Report Cover Q310 — A4 size, Assorted Colors (Item No: 21-67)",3359,EPSON LQ-310 - A4 24-Pin USB Dot Matrix Printer,0.652173913
29340,6774,Rolodex Rotary Card File — 300-Sleeve - 600-Card Cap (Item No: 18-32),19608,EAST FILE NH240 Name Card Holder Blue (Item No: B01-50),0.4
20867,2695,Samsonite Albi Laptop Backpack I Black (Z93 009 001),21072,TARGUS BP15 GROOVE X Refresh Laptop Backpack Black TSB82703,0.253012048
29549,2697,Samsonite Albi Laptop Backpack II Red  (Z93 000 002),19639,Asus RED BT1AD-I5459S0042 laptop /15.6/I5-6200U/4G[ON BD]/1TB/2VG/W10/BACKPACK EOL-17/2/2017,0.25
23761,2702,Samsonite Locus Laptop Backpack II 2 Comp Black (Z36 009 003),6572,ASUS TP500LB-CJ003H i5 (touch) Notebook - Black (Item No: ASCJ003H) EOL 30/5/2016,0.376470588
13258,2715,Samsonite Torus Laptop Backpack IV Grey (63Z 008 004),21073,TARGUS BP15 GROOVE X Refresh Laptop Backpack GREY TSB82704,0.225806452
32770,2720,Samsonite Torus Laptop Backpack VII Black (63Z 009 008),21072,TARGUS BP15 GROOVE X Refresh Laptop Backpack Black TSB82703,0.25
803,1714,Samsung CLP-300 Value Pack (CLP-P300C),4832,ASTAR P30 Memo Pad,0.576923077
5992,1721,Samsung CLP-500 Black (CLP-500D7K),1141,Samsung CLT-K609S (7k) Toner Cartridge - Black (Item No : SG CLT-K609S/SE),0.596774194
23023,1730,Samsung CLP-510 Imaging Drum Kit (CLP-510RB),1181,Samsung CLT-407 Imaging Drum Kit (SG CLT-R407S),0.333333333
24748,1728,Samsung CLP-510 Magenta Toner Cartridge (CLP-510D5M),1129,Samsung CLP-350 Magenta Toner Cartridge (CLP-M350A),0.436619718
31387,7022,Samsung External DVD Writer (SE-208AB),19470,Magic Pro - ProMini Power Station 4T - 4.8A 4-Port USB Power Charger with 1pc 80cm Fast Recharging Micro USB Cable with Travel Kit Adaptor(Grey),0.454545455
109447,11970,Samsung ML-1510 monochrome Laser Printer,3505,Canon imageCLASS LBP6030w - A4 Monochrome Laser Beam Printer,0.423076923
23164,1752,Samsung ML-1610 Toner (ML-1610D2),1140,SAMSUNG Black Toner CLP-620ND/670NDr,0.310344828
2024,1686,Samsung ML-1630 Toner (ML-D1630A),20826,HP 30A Black Original LaserJet Toner Cartridge (CF230A),0.396551724
26879,1753,Samsung ML-1710 Toner (ML-1710D3),1140,SAMSUNG Black Toner CLP-620ND/670NDr,0.310344828
27353,1756,Samsung ML-2010 Toner (ML-2010D3),2960,Microsoft L2 Basic Optical Mouse Mac/Win USB Port - Black (Item No: MSP58-00065) A4R3B50,0.517241379
29591,1703,Samsung SCX-4216 Toner (SCX-4216D3),19680,Whiteboard 3'X4' with Line (Custom Make),0.517241379
287,1704,Samsung SCX-4521 Toner (SCX-4521D3),19680,Whiteboard 3'X4' with Line (Custom Make),0.517241379
35383,7733,Samsung Standard 8GB Micro SDHC Class 6 Memory Card with Adapter,8124,Apacer 8GB SDHC Class 10 Memory Card with Adapter (Item No: APC-SDHC-8CL10) A4R2B78,0.634615385
30132,6476,Sanka Star Padded Envelope (165X240mm) — (Item No: 27-38),3588,NCR Pre-Printed Envelope Mailer Form - Payslip - 3-Ply 2-Ups - 9.5 x 11 500 Fans (Item No: C01-17) A5R1B16,0.470588235
40830,6444,Sap-7070 A4 Tear Off Pad 70Gsm (Item No: C02-69),3606,Examination Pad A4 - 70gsm - 70 Sheets (Item No:C02-69) A1R4B160,0.511111111
27739,6442,SBS Ep 0245 A4 70Gsm Exam Pad 50'S,6037,CA3202 A4 SPIRAL BOUND BOOK 50S,0.43956044
37025,6759,Scott Kitchen Towel Pack 6rollX60 (Item No: J1-7),4324,Geha Shredder X6 CD - Cross-cut 5 x 35mm (13L),0.348837209
24498,5920,"Scripti Sticking Notes &quot;Sign Here&quot; — Transparent Neon Colors, 100 flags (Item No: 21-30)",4400,3M Post-it Notes 654 - 3 x 3 (100 sheets),0.538461538
26411,5920,"Scripti Sticking Notes &quot;Sign Here&quot; — Transparent Neon Colors, 100 flags (Item No: 21-31)",4400,3M Post-it Notes 654 - 3 x 3 (100 sheets),0.538461538
42848,5920,"Scripti Sticking Notes &quot;Sign Here&quot; — Transparent Neon Colors, 100 flags (Item No: R04-26)",4400,3M Post-it Notes 654 - 3 x 3 (100 sheets),0.362068966
95203,11179,SDI Plastic Cutter Knife Small (Size: 13cm),5641,Fringed Dust Mop Pad - 100cm x 13cm (Item No: F10-74) A4R1B30,0.512820513
7813,2008,Seagate Backup Plus Desktop Drive 3.5&quot; (2TB),22377,Asus G11CD-K-MY003T Desktop/Gray/I7-7700/8G/2TB/2VG/W10,0.682926829
25143,2006,Seagate Backup Plus Portable Drive 2.5&quot; Blue (1TB),19166,BUFFALO MINISTATION 1TB USB3.0 PORTABLE HARD DRIVE(BLUE) EOL-6/1/2017,0.739130435
35044,2001,Seagate Backup Plus Portable Drive 2.5&quot; Blue (500GB),5700,WD My Passport Ultra USB 3.0 Portable External Hard Drive 500GB - Blue (Item No: WDBPGC5000ABL) A4R3B1,0.739130435
35044,2003,Seagate Backup Plus Portable Drive 2.5&quot; Red (500GB),8072,WD My Passport Ultra USB 3.0 Portable External Hard Drive 500GB - Red (Item No: WDBPGC5000ARD) EOL 4/3/2016,0.739130435
8733,1993,Seagate Expansion Portable Hard Drives 2.5&quot; USB 3.0 (1TB),19166,BUFFALO MINISTATION 1TB USB3.0 PORTABLE HARD DRIVE(BLUE) EOL-6/1/2017,0.918918919
24910,1992,Seagate Expansion Portable Hard Drives 2.5&quot; USB 3.0 (500GB),5013,WD My Passport Ultra USB 3.0 Portable External Hard Drive 500GB - Black (Item No: WDBPGC5000ABK) A4R3B1 EOL-26/10/2016,0.918918919
29382,1998,Seagate GoFlex Satellite Mobile Wireless Storage 2.5&quot; (500GB),6889,ACER Aspire E5-522G-62Y9 Notebook - Grey /15.6HD LED/A6-7310 /2GB /500GB /W10 H (Item No: ACE5522G62Y9) EOL 26/5/2016,0.769230769
29765,3264,SEIKO Time Stamping Machine TP-20,7786,Asus TP200SA Celeron N3050 D.Blue N.book,0.625
33515,6970,Smartist Paper 70gsm - A4 size - 5 reams per box,2432,Prinzet Iron-On Transfer Paper - Dark Textiles - A4 - 10 sheets per pack (Item No: PRINZ IRON D A4) A1R4B170,0.525423729
39461,7375,ST-66120 17150A Test Pen (DMH1-7),5994,CBE 150A Document Holder W/11Holes (A4)-black (Item No: B10-107) A1R3B152,0.217391304
34900,6429,Standand Products S1352 A2 Art Block 22'S — (Item No: 11-27),3057,Syamal Syamatra A2 Drawing Block - 10 Sheets 200gsm (Item No: B05-78) A1R2B206,0.283783784
30431,2594,"Stylus Pen for iPad, iPhone, Samsung (Blue)",3842,Artline 210 Writing Pen 0.6mm Blue ART-210-L,0.588235294
32046,7180,Super Organic Soy Milk (Item No: DMP3-2),20911,#32 LEX Z810/818 Super HR Standard Mono,0.041666667
36424,7180,Super Organic Soy Milk (Item No: E03-11),20911,#32 LEX Z810/818 Super HR Standard Mono,0.041666667
22535,4035,SureMark Tape Dispenser SQ-9250 (Item No: 9-4),3969,3M Scotch® Magic™ Tape Dispenser Roll -19mm x 4m,0.290322581
35142,7000,Swash Microfiber Duster (Item No: J4-34),4868,Advanced Microfiber Technology Glass Cleaning Cloth - GCC-7092,0.3125
36600,7137,Tea Pot Pilihan Krimer Manis (Item No: DMP3-10),20653,AMBI PUR FRESH GREEN TEA (SPRAY) 300ML,0.333333333
42446,7137,Tea Pot Pilihan Krimer Manis (Item No: E03-12),20653,AMBI PUR FRESH GREEN TEA (SPRAY) 300ML,0.333333333
36600,7140,Tea Pot Susu Isian Pekat (Item No: DMP3-12),20653,AMBI PUR FRESH GREEN TEA (SPRAY) 300ML,0.333333333
41262,6783,Teck Aun Pil 'Chi-Kit '-1 Sachets (Item No: E07-18),5359,Double Lion Medicated Oil 57ml (Item No: E07 05),0.416666667
100745,3250,UCHIDA Home Safe Digital Lock — PBS,6291,LION Venus Home Safe Combination Lock ,0.5
46326,3247,UCHIDA SAFE PB-170 - Digital,35,BUFFALO MiniStation Safe USB 3.0 (1TB) - Black EOL-6/1/2017,0.045454545
21338,5087,Uni Paper Products Soft Cover Exercise Book — Buku Latihan 80pgs (Item No: 11-2),3600,Cw2501 F5 Exercise Book 80P (Item No: NB-0019) A1R4B165,0.452830189
19189,2176,ViewSonic 20&quot; Minotor — 51cm LED Display (VA2038wm-LED),20281,HP 20kd T3U84AA 19.45inch LED Monitor EOL-21/1/2017,0.295774648
14869,2180,ViewSonic 24” Monitor — LED Display with Stylish Ultra-Slim Package (VX2460h-LED),19201,LG 24 LED Monitor TV,0.349206349
7669,2094,Western Digital My Passport AV 320GB,314,HP SUPER DLT DATA CARTR.220/320GB,0.465116279
27741,4387,"Wood Rotary Paper Cutter Trimmer — 9&quot; x 12&quot;, A4 size (Item No: 17-6)",5850,Stainless Steel Q-Up Stand — A4 Size (SBS-022/SS) EOL-21/12/2016,0.554054054
26721,6320,WRITEBEST Reinforcement Ring (Transparent) (Item No: 21-66),4629,CBE 500T Reinforcement Ring Transparent (Item No: B10-126) A1R3B32,0.857142857
9744,2364,Xerox C2255 Fuser Unit 220V - 100K (EL300708),1249,Xerox C2255 Black Toner Cartridge (Item No: XER C2255BK),0.416666667
11139,2029,Xerox CM305 CP305 Set (CMYK),1304,Xerox CM305/CP305 Drum Cartridge Life 20K (Item No: XER CP305DR),0.980392157
31028,2029,Xerox CM305/CP305 SET Color Toner Cartridge (CMYK),1304,Xerox CM305/CP305 Drum Cartridge Life 20K (Item No: XER CP305DR),0.836065574
70,581,Xerox M205b (High),20781,Fuji Xerox DocuPrint M205b White TL300587 Mono printer ( ITEM NO : XEXM205B ) EOL ,0.857142857
31072,554,Xerox P3115 P3120 (CWAA0524),5862,Plan Hangers Clamps - WB00 A0 Size 885mm (Item No: G05-12) A6R1B20,0.214285714
1347,556,Xerox P3200 (CWAA0747),1348,Xerox P3200MFP Toner Cartridge 3K (Item No: XER P3200MFPTNR),0.5
22885,5009,XINGHUI OPP Tape Cutter — Plastic (Item No: 9-1),4271,Astar Opp Tape Dispenser (Plastic) ,0.769230769
30289,6747,Yamayo Super Glue — 1pc Pack (Item No: 25-59),2096,Epson T1590  Ink Cartridge - Gloss Optimizer (1PC) (Item No: EPS T159090),0.625
36595,6747,Yamayo Super Glue — 1pc Pack (Item No: B04-19),2096,Epson T1590  Ink Cartridge - Gloss Optimizer (1PC) (Item No: EPS T159090),0.392156863
30388,6748,Yamayo Super Glue — 2pcs Pack (Item No: 25-60),1450,Brother LC57 Twin Pack (2pcs LC57BK per pack),0.65625
40471,8958,Yoobao Mini Portable Bluetooth Speaker YBL-201,19736,Microsoft L2 Wireless Mobile Mouse3500 Mac/Win USB Port Cyan Blue (Item No: GV160804211931),0.586956522
20385,4316,YOSOGO Whiteboard Marker Pen A500,3866,Artline 400XF Paint Marker Pen - 2.3mm Bullet Nib - White,0.49122807
28240,6448,Zhao Sheng No. K022 Scissors — (Item No: 17-21),21735,3M Scotch 8 Multi-Purpose in Scissors,0.041666667
